id,customer_id,timestamp,channel,text,emotion_label,sentiment_label
ROW00001,CUST0584,2026-04-28 12:52:52,survey_feedback,"So still kind of missing the old templates, weve just been doing things manually since.",sadness,bad
ROW00002,CUST0093,2026-03-21 21:25:54,call_transcript,so support honestly tried to guilt trip me into staying instead uh of just you know helping me cancel,disgust,bad
ROW00003,CUST0199,2026-03-18 00:04:17,survey_feedback,"So did not realize the new plan tier included that feature for free, pleasantly surprised, figured id mention it.",surprise,good
ROW00004,CUST0556,2026-03-08 14:19:57,call_transcript,the fine you know print like on the renewal honestly terms feels deliberately misleading,disgust,bad
ROW00005,CUST0705,2026-06-02 01:27:06,call_transcript,so the integration broke after your last update and nobody warned you know us it honestly was coming,anger,bad
ROW00006,CUST0212,2026-05-05 15:48:55,survey_feedback,"Ok so teams still using it but adoption across departments has been slower than we hoped, figured id mention it.",neutral,neutral
ROW00007,CUST0413,2026-08-12 03:29:01,call_transcript,wasnt expecting the feature like we um rely on uh to just disappear without any notice,surprise,bad
ROW00008,CUST0688,2026-04-12 12:13:11,call_transcript,support tried to guilt trip me into staying instead you know of just helping me cancel,disgust,bad
ROW00009,CUST0207,2026-03-28 07:48:45,survey_feedback,"So the mobile app finally works flawlessly even with our full dataset loaded, figured id mention it!",joy,good
ROW00010,CUST0253,2026-02-24 12:56:44,survey_feedback,"Loving how simple this is for a one person shop, does exactly what i need, wanted to put that on record.",joy,good
ROW00011,CUST0383,2026-05-29 13:13:35,call_transcript,finally managed to uh cancel i mean after 20 minutes of being redirected between you know pages,anger,bad
ROW00012,CUST0074,2026-05-31 13:13:02,survey_feedback,So teams still using it but adoption across departments has been slower than we hoped.,neutral,neutral
ROW00013,CUST0684,2026-04-21 12:44:56,call_transcript,honestly we just honestly stopped seeing the point um of it like kind of sad it didnt work out for us in the end,sadness,bad
ROW00014,CUST0643,2026-04-05 02:09:42,call_transcript,im not uh confident the new permissions um setup is actually secure,fear,bad
ROW00015,CUST0578,2026-05-17 21:37:57,survey_feedback,"Just wanted to say, the whole downgrade flow is designed to be as confusing as possible.",disgust,bad
ROW00016,CUST0304,2026-06-28 23:23:28,survey_feedback,"Not gonna lie, the new integration took five minutes to set up and just worked, just flagging it!",joy,good
ROW00017,CUST0384,2026-03-17 23:07:03,call_transcript,honestly im nervous the i mean price is going uh to jump again at the next renewal,fear,bad
ROW00018,CUST0492,2026-02-24 01:55:34,call_transcript,so still kind of missing um the you know old templates weve just been doing honestly things manually since,sadness,bad
ROW00019,CUST0460,2026-08-10 03:30:03,survey_feedback,"Honestly, kind of sad our whole team has just quietly stopped using half the features we used to love.",sadness,bad
ROW00020,CUST0357,2026-07-02 23:10:34,call_transcript,um whats the difference between the pro and enterprise support tiers exactly uh,neutral,neutral
ROW00021,CUST0077,2026-08-18 10:54:14,survey_feedback,"Not gonna lie, havent really had time to dig into the new features, still just using it for the basics, wanted to put that on record.",neutral,neutral
ROW00022,CUST0231,2026-02-23 23:03:59,call_transcript,you guys charged i mean me twice this month and nobody on chat could explain why,anger,bad
ROW00023,CUST0156,2026-03-19 09:12:01,call_transcript,so kind of honestly sad our whole team has like just quietly stopped using half the features we you know used to love,sadness,bad
ROW00024,CUST0466,2026-03-23 17:18:34,call_transcript,im scared we're going to lose you know our historical reports if we honestly switch uh plans,fear,bad
ROW00025,CUST0671,2026-06-15 17:45:23,survey_feedback,"Honestly, whats the difference between the pro and enterprise support tiers exactly!",neutral,neutral
ROW00026,CUST0214,2026-07-05 13:53:29,survey_feedback,"Just confirming our seat count before the next billing cycle, figured id mention it.",neutral,neutral
ROW00027,CUST0241,2026-04-27 18:44:35,survey_feedback,The whole downgrade flow is designed to be as confusing as possible!,disgust,bad
ROW00028,CUST0261,2026-05-02 20:44:03,call_transcript,you know wasnt expecting support to respond this fast on a honestly weekend really impressed,surprise,good
ROW00029,CUST0672,2026-05-04 17:34:42,call_transcript,so did not uh expect the price to jump that much on like renewal nobody mentioned it in the email,surprise,bad
ROW00030,CUST0224,2026-03-23 22:00:56,call_transcript,you know the integration i mean broke like after your last update and nobody warned us it was coming,anger,bad
ROW00031,CUST0455,2026-04-12 22:32:00,survey_feedback,"So wasnt expecting support to respond this fast on a weekend, really impressed, wanted to put that on record.",surprise,good
ROW00032,CUST0434,2026-04-02 07:57:26,survey_feedback,"Kind of sad our whole team has just quietly stopped using half the features we used to love, just flagging it.",sadness,bad
ROW00033,CUST0024,2026-04-11 16:48:09,call_transcript,so the integration broke after your last update and nobody uh warned us it was coming,anger,bad
ROW00034,CUST0081,2026-03-20 05:00:24,call_transcript,is my data actually backed uh up somewhere im a bit nervous about losing my project files,fear,bad
ROW00035,CUST0727,2026-06-11 23:26:50,survey_feedback,"Can someone confirm if our renewal date changed before next quarter, figured id mention it.",neutral,neutral
ROW00036,CUST0211,2026-05-16 18:52:07,call_transcript,the free trial silently converted to a you know paid plan without any reminder,disgust,bad
ROW00037,CUST0233,2026-08-11 14:56:26,survey_feedback,"Quick note, wanted to ask if theres a bulk import option for existing records, just flagging it.",neutral,neutral
ROW00038,CUST0395,2026-07-18 13:56:53,call_transcript,the new honestly dashboard you know update is amazing it uh saved me so much time this week,joy,good
ROW00039,CUST0696,2026-06-09 07:12:47,survey_feedback,"So the integration broke after your last update and nobody warned us it was coming, figured id mention it.",anger,bad
ROW00040,CUST0137,2026-04-07 17:13:17,call_transcript,you know wasnt expecting the feature we rely on to just disappear without any notice,surprise,bad
ROW00041,CUST0186,2026-03-01 09:17:00,call_transcript,i mean you sell our usage data to third parties uh without making like that clear anywhere,disgust,bad
ROW00042,CUST0052,2026-07-02 01:39:40,call_transcript,did not realize the i mean new uh plan tier you know included that feature for free pleasantly surprised,surprise,good
ROW00043,CUST0637,2026-07-12 07:46:34,call_transcript,were just a little disappointed cause the you know old template feature got taken away,sadness,bad
ROW00044,CUST0142,2026-04-17 22:21:32,call_transcript,not sure what happens honestly to our account if the payment fails again next month you know,fear,bad
ROW00045,CUST0002,2026-03-08 11:40:38,survey_feedback,"Ok so you guys charged me twice this month and nobody on chat could explain why, just flagging it.",anger,bad
ROW00046,CUST0631,2026-05-23 21:43:13,survey_feedback,"Honestly, the onboarding checklist made getting started genuinely painless, just flagging it.",joy,good
ROW00047,CUST0500,2026-04-03 14:42:06,call_transcript,you keep honestly auto enrolling like us i mean in paid add ons we never asked for,disgust,bad
ROW00048,CUST0748,2026-03-06 09:21:45,call_transcript,so you keep auto honestly enrolling us in paid add ons we never asked for um,disgust,bad
ROW00049,CUST0449,2026-04-28 19:28:34,survey_feedback,"Not gonna lie, we really wanted this to work out, it just didnt end up being the right fit.",sadness,bad
ROW00050,CUST0401,2026-07-03 19:41:25,call_transcript,the integration broke uh after your last honestly update and nobody warned us it was coming,anger,bad
ROW00051,CUST0102,2026-02-23 02:50:31,call_transcript,honestly um we uh just stopped seeing the point of it kind you know of sad it didnt work out for us in the end,sadness,bad
ROW00052,CUST0448,2026-07-06 06:47:44,survey_feedback,"Ok so support walked me through the backup settings and now i feel a lot better about it, just flagging it.",joy,good
ROW00053,CUST0125,2026-07-10 06:28:55,survey_feedback,Ok so support keeps closing my ticket without actually fixing anything.,anger,bad
ROW00054,CUST0057,2026-05-09 21:04:51,survey_feedback,"Ok so were just a little disappointed cause the old template feature got taken away, figured id mention it.",sadness,bad
ROW00055,CUST0686,2026-05-07 07:57:46,call_transcript,so didnt realize uh the free trial you know would auto convert um without reminding us first,surprise,bad
ROW00056,CUST0148,2026-02-26 22:38:44,survey_feedback,"So the feature we asked about last year still hasnt shown up and weve kind of given up hope, just flagging it.",sadness,bad
ROW00057,CUST0361,2026-03-23 13:37:54,call_transcript,wanted to ask if theres a bulk import you know option for existing records,neutral,neutral
ROW00058,CUST0180,2026-04-11 08:18:08,survey_feedback,"Just wanted to say, kind of bummed they removed the old reporting view, i really relied on that for my weekly standups.",sadness,bad
ROW00059,CUST0237,2026-08-21 00:17:34,call_transcript,didnt realize the free trial would uh auto convert without reminding us first,surprise,bad
ROW00060,CUST0460,2026-08-21 04:58:48,survey_feedback,"Quick note, kind of bummed they removed the old reporting view, i really relied on that for my weekly standups, wanted to put that on record.",sadness,bad
ROW00061,CUST0426,2026-08-16 09:35:47,survey_feedback,"Quick note, the marketing emails dont stop no matter how many times i unsubscribe, figured id mention it.",disgust,bad
ROW00062,CUST0583,2026-03-22 11:08:49,survey_feedback,"Ok so switching from spreadsheets to this has saved our whole team hours every week, just flagging it.",joy,good
ROW00063,CUST0673,2026-06-25 22:18:00,survey_feedback,"Just wanted to say, wasnt expecting our whole team to get logged out with zero warning during the outage, just flagging it!",surprise,bad
ROW00064,CUST0541,2026-05-05 00:52:15,call_transcript,is there a way to export invoices as csv like instead of pdf,neutral,neutral
ROW00065,CUST0049,2026-07-02 16:53:45,survey_feedback,"Just wanted to say, is my data actually backed up somewhere, im a bit nervous about losing my project files.",fear,bad
ROW00066,CUST0504,2026-03-03 18:22:56,call_transcript,the way honestly you buried the cancel button i mean in three different menus feels really shady,disgust,bad
ROW00067,CUST0643,2026-08-18 04:02:40,survey_feedback,"Not gonna lie, your team fixed my ticket within an hour, way faster than i expected.",joy,good
ROW00068,CUST0047,2026-04-29 13:27:16,survey_feedback,"Quick note, wanted to ask if theres a bulk import option for existing records.",neutral,neutral
ROW00069,CUST0193,2026-04-13 00:43:21,survey_feedback,"So wasnt expecting the feature we rely on to just disappear without any notice, wanted to put that on record.",surprise,bad
ROW00070,CUST0373,2026-04-14 09:56:09,call_transcript,honestly we just stopped seeing the point of it kind of sad you know it didnt work out for us in the end like,sadness,bad
ROW00071,CUST0130,2026-08-21 14:07:05,call_transcript,uh five years in and still our go um to platform genuinely happy with how its like evolved,joy,good
ROW00072,CUST0187,2026-02-22 06:25:51,call_transcript,wasnt um expecting like support to respond this you know fast on a weekend really impressed,surprise,good
ROW00073,CUST0718,2026-06-08 01:06:25,call_transcript,five years in and still you know our go to platform genuinely happy with uh how its evolved,joy,good
ROW00074,CUST0733,2026-03-19 20:34:45,call_transcript,you sell our usage um data to third parties without making that you know clear anywhere,disgust,bad
ROW00075,CUST0278,2026-06-23 06:49:22,survey_feedback,"Honestly, the free trial silently converted to a paid plan without any reminder, just flagging it.",disgust,bad
ROW00076,CUST0592,2026-02-25 23:14:44,call_transcript,i honestly had to explain the same issue to three uh different agents you know and got nowhere,anger,bad
ROW00077,CUST0246,2026-03-24 11:56:05,call_transcript,so did not expect the new integration to be this easy to set up honestly like impressed,surprise,good
ROW00078,CUST0036,2026-02-26 23:43:42,survey_feedback,"Honestly, wasnt expecting our whole team to get logged out with zero warning during the outage!",surprise,bad
ROW00079,CUST0222,2026-05-09 07:27:34,call_transcript,did not realize the new plan tier included you know that feature uh for free pleasantly surprised,surprise,good
ROW00080,CUST0560,2026-03-05 08:35:33,survey_feedback,"Just wanted to say, customer support read from a script the entire time and never actually listened, just flagging it.",disgust,bad
ROW00081,CUST0559,2026-08-13 20:54:23,call_transcript,we really wanted this um to work out it just didnt end up honestly being the like right fit,sadness,bad
ROW00082,CUST0226,2026-08-11 01:19:00,survey_feedback,"Quick note, im nervous the price is going to jump again at the next renewal, wanted to put that on record.",fear,bad
ROW00083,CUST0346,2026-03-18 16:35:40,call_transcript,im scared honestly we're going like to lose our historical reports if i mean we switch plans,fear,bad
ROW00084,CUST0317,2026-08-14 21:38:06,call_transcript,five years in and still our go to platform genuinely happy with how its evolved um,joy,good
ROW00085,CUST0556,2026-04-17 06:23:41,call_transcript,did honestly not expect the price to jump that like much on renewal nobody mentioned it in you know the email,surprise,bad
ROW00086,CUST0060,2026-07-01 05:03:44,survey_feedback,Wanted to ask if theres a bulk import option for existing records.,neutral,neutral
ROW00087,CUST0441,2026-05-23 21:53:00,survey_feedback,"Weve had four outages this quarter and every time we call support its a 40 minute wait, wanted to put that on record.",anger,bad
ROW00088,CUST0356,2026-05-04 22:02:16,call_transcript,your team fixed um my ticket within an hour way faster than i expected you know,joy,good
ROW00089,CUST0684,2026-07-15 03:14:52,call_transcript,its disappointing watching a tool we used to i mean love um slowly stop fitting what we uh need,sadness,bad
ROW00090,CUST0119,2026-04-11 21:40:11,survey_feedback,"Just wanted to say, support tried to guilt trip me into staying instead of just helping me cancel, figured id mention it!",disgust,bad
ROW00091,CUST0188,2026-08-19 19:02:34,call_transcript,so five years like in and still our i mean go to platform genuinely happy um with how its evolved,joy,good
ROW00092,CUST0483,2026-06-29 20:49:13,call_transcript,did not uh expect the price to jump that much on renewal nobody mentioned it in the email like,surprise,bad
ROW00093,CUST0047,2026-04-13 05:24:38,survey_feedback,The new integration took five minutes to set up and just worked.,joy,good
ROW00094,CUST0075,2026-03-30 05:15:40,survey_feedback,"Ok so a bit concerned about the response times lately, our tickets have been sitting longer than usual.",fear,bad
ROW00095,CUST0071,2026-04-22 00:29:16,call_transcript,is there honestly a way to export invoices as csv instead of pdf,neutral,neutral
ROW00096,CUST0516,2026-08-16 05:38:17,call_transcript,my card i mean was declined and it locked me out of my own account um for a you know whole day,anger,bad
ROW00097,CUST0591,2026-04-02 10:47:15,call_transcript,we really like wanted this to work uh out it just didnt end up being i mean the right fit,sadness,bad
ROW00098,CUST0491,2026-03-06 03:42:04,survey_feedback,"Honestly, your api rate limit is blocking our entire workflow during our busiest hours, just flagging it.",anger,bad
ROW00099,CUST0445,2026-04-22 11:32:10,call_transcript,like kind of bummed they removed the old reporting um view i really relied on that for uh my weekly standups,sadness,bad
ROW00100,CUST0633,2026-03-20 21:56:47,call_transcript,kind of i mean bummed they removed the old reporting view i really relied on that for my weekly standups,sadness,bad
ROW00101,CUST0472,2026-04-22 11:33:30,survey_feedback,So wasnt expecting the feature we rely on to just disappear without any notice.,surprise,bad
ROW00102,CUST0234,2026-04-08 00:49:11,call_transcript,its i mean fine um does what we need i uh guess,neutral,neutral
ROW00103,CUST0143,2026-08-03 14:23:21,survey_feedback,"Ok so the account manager checked in on us again today, really appreciate how proactive support has been.",joy,good
ROW00104,CUST0650,2026-07-23 19:51:51,call_transcript,so you sell our usage data to like third parties without making that clear anywhere,disgust,bad
ROW00105,CUST0548,2026-05-21 22:04:30,call_transcript,like the mobile app finally works flawlessly even with you know our full dataset loaded,joy,good
ROW00106,CUST0313,2026-02-26 07:10:20,call_transcript,the export feature has been broken for a um week i mean and support uh still hasnt replied,anger,bad
ROW00107,CUST0611,2026-07-22 23:58:26,call_transcript,so im nervous the price you know is going to jump again at the i mean next renewal,fear,bad
ROW00108,CUST0560,2026-05-11 14:44:41,call_transcript,so havent you know really had time to dig um into the new features still just using it for i mean the basics,neutral,neutral
ROW00109,CUST0019,2026-08-11 06:55:03,call_transcript,im concerned um we honestly wont be able to export everything if we i mean ever need to leave,fear,bad
ROW00110,CUST0131,2026-05-31 20:36:58,call_transcript,the fine print on the honestly renewal terms feels deliberately like misleading,disgust,bad
ROW00111,CUST0277,2026-07-28 22:39:33,call_transcript,wasnt expecting i mean support to respond this fast on a weekend really impressed,surprise,good
ROW00112,CUST0177,2026-08-11 08:39:38,call_transcript,so the new dashboard update is amazing it saved me so much i mean time this week,joy,good
ROW00113,CUST0178,2026-06-26 08:06:00,call_transcript,im nervous the price is going to uh jump again at the next renewal,fear,bad
ROW00114,CUST0332,2026-06-21 18:12:22,call_transcript,is my data actually backed like up somewhere i mean im a bit nervous about losing my project files honestly,fear,bad
ROW00115,CUST0419,2026-07-03 01:56:39,call_transcript,um still kind of missing the old templates i mean weve just been doing things manually since,sadness,bad
ROW00116,CUST0015,2026-06-01 10:35:20,call_transcript,the feature we asked about last year still hasnt shown up and i mean weve kind of given up hope,sadness,bad
ROW00117,CUST0282,2026-06-14 14:38:50,survey_feedback,"You sell our usage data to third parties without making that clear anywhere, wanted to put that on record.",disgust,bad
ROW00118,CUST0190,2026-07-07 06:36:31,call_transcript,so the uh export feature has been broken for you know a week and support still hasnt replied,anger,bad
ROW00119,CUST0473,2026-04-14 22:31:04,call_transcript,kind of sad our whole like team has just quietly stopped uh using half the features we used to love,sadness,bad
ROW00120,CUST0569,2026-04-06 12:43:10,survey_feedback,"Just wanted to say, the mobile app finally works flawlessly even with our full dataset loaded, just flagging it!",joy,good
ROW00121,CUST0360,2026-02-27 15:01:24,call_transcript,our compliance team is asking about your data retention policy and honestly i dont um have answers,fear,bad
ROW00122,CUST0560,2026-07-25 14:14:36,survey_feedback,"Just wanted to say, support keeps closing my ticket without actually fixing anything, wanted to put that on record.",anger,bad
ROW00123,CUST0587,2026-07-10 17:13:49,survey_feedback,"Honestly, i keep getting charged for seats we already removed weeks ago, wanted to put that on record.",anger,bad
ROW00124,CUST0475,2026-06-19 00:54:42,call_transcript,havent really um had time to dig i mean into the new features still just using it for honestly the basics,neutral,neutral
ROW00125,CUST0279,2026-06-27 15:58:42,call_transcript,so still kind of honestly missing the old templates weve just been doing things manually um since i mean,sadness,bad
ROW00126,CUST0697,2026-04-27 17:45:53,survey_feedback,"The integration broke after your last update and nobody warned us it was coming, wanted to put that on record.",anger,bad
ROW00127,CUST0246,2026-06-09 16:45:21,call_transcript,so wasnt expecting our whole team to get logged you know out with like zero warning during the outage,surprise,bad
ROW00128,CUST0557,2026-07-20 03:14:29,call_transcript,the fine print on the renewal like terms feels deliberately misleading,disgust,bad
ROW00129,CUST0651,2026-07-23 20:34:58,call_transcript,not uh much to report this month i mean usage has been about the you know same as usual,neutral,neutral
ROW00130,CUST0103,2026-06-15 20:36:30,survey_feedback,"Honestly, support keeps closing my ticket without actually fixing anything, figured id mention it.",anger,bad
ROW00131,CUST0729,2026-07-29 04:59:33,call_transcript,our compliance team is asking about your data retention um policy and i dont have answers,fear,bad
ROW00132,CUST0243,2026-08-12 06:09:19,call_transcript,the like export feature has been broken for a week and honestly support uh still hasnt replied,anger,bad
ROW00133,CUST0521,2026-04-20 12:58:18,survey_feedback,"Just wanted to say, wasnt expecting support to respond this fast on a weekend, really impressed.",surprise,good
ROW00134,CUST0741,2026-06-20 14:05:59,survey_feedback,"Just wanted to say, its fine, does what we need i guess.",neutral,neutral
ROW00135,CUST0275,2026-03-06 08:19:53,call_transcript,i had to i mean explain the you know same issue to three different agents and um got nowhere,anger,bad
ROW00136,CUST0590,2026-08-14 08:55:10,survey_feedback,"So did not realize the new plan tier included that feature for free, pleasantly surprised, just flagging it.",surprise,good
ROW00137,CUST0722,2026-05-26 13:17:03,survey_feedback,"The new dashboard update is amazing, it saved me so much time this week, wanted to put that on record.",joy,good
ROW00138,CUST0148,2026-05-14 17:38:57,survey_feedback,"Just wanted to say, were just a little disappointed cause the old template feature got taken away, just flagging it.",sadness,bad
ROW00139,CUST0538,2026-04-19 04:47:55,survey_feedback,"Just wanted to say, you keep auto enrolling us in paid add ons we never asked for, wanted to put that on record.",disgust,bad
ROW00140,CUST0362,2026-07-02 21:39:44,call_transcript,still i mean kind of missing the old templates weve just been doing things manually since,sadness,bad
ROW00141,CUST0076,2026-06-28 03:37:57,call_transcript,honestly the um redesigned reporting view is so much easier to you know read than before,joy,good
ROW00142,CUST0003,2026-08-17 02:44:33,survey_feedback,"So the account manager checked in on us again today, really appreciate how proactive support has been, just flagging it.",joy,good
ROW00143,CUST0089,2026-03-28 05:42:12,call_transcript,so im honestly worried uh this outage means our customer data was exposed somehow,fear,bad
ROW00144,CUST0447,2026-06-15 05:00:52,call_transcript,so the new integration took five minutes like to honestly set up and just worked you know,joy,good
ROW00145,CUST0001,2026-04-14 17:27:19,call_transcript,honestly wondering if the api has i mean a sandbox environment for testing,neutral,neutral
ROW00146,CUST0680,2026-04-25 15:39:34,survey_feedback,"Quick note, im concerned we wont be able to export everything if we ever need to leave.",fear,bad
ROW00147,CUST0095,2026-02-24 20:09:03,survey_feedback,"Quick note, im worried that if i migrate my data over to the new plan i might lose everything, wanted to put that on record.",fear,bad
ROW00148,CUST0225,2026-03-03 04:54:55,survey_feedback,"Just wanted to say, the feature we asked about last year still hasnt shown up and weve kind of given up hope, just flagging it.",sadness,bad
ROW00149,CUST0285,2026-07-29 23:12:46,call_transcript,so the free trial silently converted to a paid plan um without any reminder,disgust,bad
ROW00150,CUST0140,2026-08-09 20:21:47,call_transcript,so didnt realize the free trial would auto convert without reminding i mean us you know first,surprise,bad
ROW00151,CUST0549,2026-07-25 04:20:21,call_transcript,did not expect the new integration to honestly be this easy to set i mean up honestly impressed,surprise,good
ROW00152,CUST0123,2026-07-17 05:07:23,survey_feedback,"Just wanted to say, im not confident the new permissions setup is actually secure, wanted to put that on record.",fear,bad
ROW00153,CUST0210,2026-06-05 21:52:10,call_transcript,not much to honestly report this month usage um has been about the same you know as usual,neutral,neutral
ROW00154,CUST0352,2026-03-09 16:37:55,call_transcript,whats the difference um between you know the pro and enterprise support tiers honestly exactly,neutral,neutral
ROW00155,CUST0696,2026-07-22 19:44:39,call_transcript,so kind of sad our whole honestly team has just quietly stopped using half the features we used to love,sadness,bad
ROW00156,CUST0169,2026-03-10 16:37:08,call_transcript,still kind of missing the um old templates like weve just been doing things uh manually since,sadness,bad
ROW00157,CUST0135,2026-07-19 22:28:31,survey_feedback,"Honestly, support walked me through the backup settings and now i feel a lot better about it, just flagging it.",joy,good
ROW00158,CUST0578,2026-03-02 08:31:21,call_transcript,the new dashboard update is amazing like it saved me so much i mean time you know this week,joy,good
ROW00159,CUST0472,2026-05-19 18:29:44,call_transcript,we tried to make it work i mean but it just doesnt fit our workflow anymore sorry to go,sadness,bad
ROW00160,CUST0023,2026-03-27 11:10:48,call_transcript,so wasnt expecting the feature you know we rely on to just disappear without any notice,surprise,bad
ROW00161,CUST0378,2026-07-07 04:34:59,survey_feedback,"Ok so a bit concerned about the response times lately, our tickets have been sitting longer than usual, wanted to put that on record.",fear,bad
ROW00162,CUST0581,2026-05-23 11:57:40,survey_feedback,"Quick note, my card was declined and it locked me out of my own account for a whole day, wanted to put that on record.",anger,bad
ROW00163,CUST0430,2026-07-24 16:34:02,call_transcript,so the marketing emails i mean dont stop no uh matter how many times i unsubscribe honestly,disgust,bad
ROW00164,CUST0589,2026-03-04 03:20:59,call_transcript,honestly checking whether like the new update changes um anything for our current workflow,neutral,neutral
ROW00165,CUST0320,2026-04-27 08:01:32,call_transcript,wanted to ask if theres a bulk import um option for existing records,neutral,neutral
ROW00166,CUST0617,2026-03-30 18:22:06,survey_feedback,"Not gonna lie, our compliance team is asking about your data retention policy and i dont have answers, wanted to put that on record.",fear,bad
ROW00167,CUST0305,2026-07-10 06:22:26,survey_feedback,"Just wanted to say, you guys charged me twice this month and nobody on chat could explain why, figured id mention it.",anger,bad
ROW00168,CUST0581,2026-06-29 05:33:55,survey_feedback,"Just wanted to say, the onboarding checklist made getting started genuinely painless, just flagging it.",joy,good
ROW00169,CUST0125,2026-05-13 18:02:50,survey_feedback,"Just wanted to say, can someone confirm if our renewal date changed before next quarter, just flagging it.",neutral,neutral
ROW00170,CUST0749,2026-06-16 05:42:18,survey_feedback,"Im not confident the new permissions setup is actually secure, just flagging it.",fear,bad
ROW00171,CUST0294,2026-04-28 05:59:55,call_transcript,customer support read from a script the you know entire time and never actually listened,disgust,bad
ROW00172,CUST0546,2026-03-05 18:13:28,call_transcript,a bit concerned about the honestly response times lately our tickets have been sitting i mean longer like than usual,fear,bad
ROW00173,CUST0409,2026-05-31 10:48:48,call_transcript,its disappointing watching a tool we used honestly to love slowly you know stop fitting what we need like,sadness,bad
ROW00174,CUST0716,2026-06-26 08:39:37,survey_feedback,"Ok so kind of bummed they removed the old reporting view, i really relied on that for my weekly standups, just flagging it!",sadness,bad
ROW00175,CUST0201,2026-04-04 16:30:47,call_transcript,didnt realize the uh free trial um would auto like convert without reminding us first,surprise,bad
ROW00176,CUST0130,2026-05-23 01:13:07,call_transcript,honestly were just a little disappointed cause the uh old template feature got taken away,sadness,bad
ROW00177,CUST0014,2026-03-03 06:29:52,survey_feedback,"Finally managed to cancel after 20 minutes of being redirected between pages, wanted to put that on record!",anger,bad
ROW00178,CUST0158,2026-02-27 17:54:49,survey_feedback,"Just wanted to say, the free trial silently converted to a paid plan without any reminder.",disgust,bad
ROW00179,CUST0629,2026-07-28 07:41:21,call_transcript,so your team fixed my ticket within an hour um way faster than i expected,joy,good
ROW00180,CUST0643,2026-03-15 09:17:35,call_transcript,so the marketing emails dont stop no matter how uh many times i unsubscribe,disgust,bad
ROW00181,CUST0620,2026-06-30 08:26:43,call_transcript,um didnt realize the free trial would auto convert without reminding uh us first,surprise,bad
ROW00182,CUST0720,2026-08-13 19:20:19,call_transcript,finally managed you know to cancel after 20 minutes of being redirected uh between like pages,anger,bad
ROW00183,CUST0509,2026-05-11 09:36:28,call_transcript,the redesigned reporting view is so much easier like to read i mean than before,joy,good
ROW00184,CUST0507,2026-03-02 17:26:23,call_transcript,you sell like our usage data to third parties without making i mean that clear anywhere,disgust,bad
ROW00185,CUST0355,2026-07-17 22:54:20,call_transcript,so checking whether the new like update changes anything for our uh current honestly workflow,neutral,neutral
ROW00186,CUST0397,2026-07-05 05:26:36,survey_feedback,"Honestly, were just a little disappointed cause the old template feature got taken away, just flagging it.",sadness,bad
ROW00187,CUST0482,2026-04-13 15:24:48,call_transcript,im not confident the honestly new i mean permissions setup is actually secure,fear,bad
ROW00188,CUST0681,2026-08-18 02:23:13,survey_feedback,"Havent really had time to dig into the new features, still just using it for the basics, just flagging it.",neutral,neutral
ROW00189,CUST0575,2026-06-19 02:21:10,call_transcript,so im worried that you know if i migrate my data honestly over to the new plan i might lose everything,fear,bad
ROW00190,CUST0714,2026-03-24 14:33:33,call_transcript,honestly we you know just stopped like seeing the point of it kind of uh sad it didnt work out for us in the end,sadness,bad
ROW00191,CUST0515,2026-05-26 13:54:34,call_transcript,um can someone confirm i mean if our renewal date changed before next quarter uh,neutral,neutral
ROW00192,CUST0619,2026-08-06 00:03:41,survey_feedback,"Just wanted to say, its disappointing watching a tool we used to love slowly stop fitting what we need.",sadness,bad
ROW00193,CUST0321,2026-04-15 21:45:22,call_transcript,your uh api you know rate limit is blocking our entire honestly workflow during our busiest hours,anger,bad
ROW00194,CUST0156,2026-05-04 17:36:16,survey_feedback,"Just wanted to say, a bit concerned about the response times lately, our tickets have been sitting longer than usual.",fear,bad
ROW00195,CUST0683,2026-08-05 01:00:25,call_transcript,honestly loving how simple this is for a one person shop um does like exactly what i need,joy,good
ROW00196,CUST0051,2026-04-19 15:36:17,survey_feedback,"So the new integration took five minutes to set up and just worked, just flagging it.",joy,good
ROW00197,CUST0620,2026-02-25 23:14:42,call_transcript,um not sure what happens to uh our account if the payment fails again next month honestly,fear,bad
ROW00198,CUST0386,2026-03-13 13:16:57,survey_feedback,"Quick note, whats the difference between the pro and enterprise support tiers exactly.",neutral,neutral
ROW00199,CUST0160,2026-07-19 07:55:38,call_transcript,so a bit um concerned about honestly the response times lately our tickets have been i mean sitting longer than usual,fear,bad
ROW00200,CUST0477,2026-08-14 18:46:47,call_transcript,so does the pro plan honestly include api access or do i need the like enterprise tier for that um,neutral,neutral
ROW00201,CUST0410,2026-03-16 21:18:46,call_transcript,so im concerned uh we wont be able to export everything if we ever need to leave,fear,bad
ROW00202,CUST0257,2026-07-07 01:18:58,call_transcript,your team fixed my ticket within an hour like way faster than i expected,joy,good
ROW00203,CUST0253,2026-07-30 20:21:55,survey_feedback,"Honestly, whats the difference between the pro and enterprise support tiers exactly, figured id mention it.",neutral,neutral
ROW00204,CUST0121,2026-06-16 02:50:37,survey_feedback,"Quick note, still one of the best tools we use day to day, genuinely happy with it, figured id mention it.",joy,good
ROW00205,CUST0358,2026-03-10 16:28:53,survey_feedback,"Just wanted to say, support tried to guilt trip me into staying instead of just helping me cancel, figured id mention it.",disgust,bad
ROW00206,CUST0674,2026-04-26 07:06:58,survey_feedback,"Just wanted to say, support walked me through the backup settings and now i feel a lot better about it.",joy,good
ROW00207,CUST0525,2026-03-24 19:30:59,survey_feedback,"Honestly, were just a little disappointed cause the old template feature got taken away, figured id mention it.",sadness,bad
ROW00208,CUST0443,2026-08-11 10:49:25,call_transcript,so im concerned we wont be able to export everything if we ever need like to leave,fear,bad
ROW00209,CUST0185,2026-06-10 01:20:22,survey_feedback,Finally managed to cancel after 20 minutes of being redirected between pages!,anger,bad
ROW00210,CUST0179,2026-06-28 09:32:00,survey_feedback,"Not gonna lie, were just a little disappointed cause the old template feature got taken away, just flagging it.",sadness,bad
ROW00211,CUST0004,2026-07-14 00:20:49,survey_feedback,"Not gonna lie, not sure what happens to our account if the payment fails again next month, wanted to put that on record.",fear,bad
ROW00212,CUST0627,2026-07-22 02:51:16,call_transcript,not sure what happens to um our account if the payment fails again next month,fear,bad
ROW00213,CUST0235,2026-04-21 10:14:27,survey_feedback,"The account manager checked in on us again today, really appreciate how proactive support has been, just flagging it.",joy,good
ROW00214,CUST0222,2026-03-11 10:47:23,call_transcript,does the pro plan include you know api access or do i need uh the enterprise tier for that,neutral,neutral
ROW00215,CUST0336,2026-08-19 20:07:33,survey_feedback,"Just wanted to say, the marketing emails dont stop no matter how many times i unsubscribe, just flagging it.",disgust,bad
ROW00216,CUST0463,2026-06-07 05:02:18,survey_feedback,"Not gonna lie, our compliance team is asking about your data retention policy and i dont have answers.",fear,bad
ROW00217,CUST0210,2026-04-03 23:21:59,call_transcript,so you guys charged me twice like this month and nobody on chat could uh explain why,anger,bad
ROW00218,CUST0719,2026-07-25 21:37:04,survey_feedback,"Not gonna lie, support keeps closing my ticket without actually fixing anything, wanted to put that on record.",anger,bad
ROW00219,CUST0687,2026-05-20 14:06:09,survey_feedback,"Quick note, the redesigned reporting view is so much easier to read than before.",joy,good
ROW00220,CUST0572,2026-03-18 06:45:11,survey_feedback,"The export feature has been broken for a week and support still hasnt replied, wanted to put that on record!",anger,bad
ROW00221,CUST0349,2026-06-25 10:33:10,call_transcript,wanted um to ask i mean if theres a bulk import option for existing records,neutral,neutral
ROW00222,CUST0059,2026-03-12 05:59:26,survey_feedback,So were just a little disappointed cause the old template feature got taken away!,sadness,bad
ROW00223,CUST0250,2026-05-18 21:36:21,survey_feedback,"Quick note, your team fixed my ticket within an hour, way faster than i expected, figured id mention it.",joy,good
ROW00224,CUST0204,2026-03-12 02:33:54,call_transcript,so we lost two days of data during the migration and support took way too long i mean to respond,anger,bad
ROW00225,CUST0169,2026-06-16 02:43:43,call_transcript,our compliance team uh is asking about your data retention policy and i dont have answers,fear,bad
ROW00226,CUST0720,2026-06-24 03:30:23,survey_feedback,"So is there a way to export invoices as csv instead of pdf, wanted to put that on record.",neutral,neutral
ROW00227,CUST0072,2026-03-14 05:50:40,call_transcript,checking honestly whether the new update changes anything for our current workflow,neutral,neutral
ROW00228,CUST0696,2026-05-30 16:27:43,call_transcript,so its disappointing watching a tool we you know used to honestly love slowly stop fitting what we need,sadness,bad
ROW00229,CUST0740,2026-06-25 16:30:41,call_transcript,so wasnt expecting the feature we rely on to just disappear um without i mean any notice,surprise,bad
ROW00230,CUST0050,2026-05-29 01:25:15,call_transcript,the feature we asked about last year still hasnt shown up and uh weve kind of given up hope,sadness,bad
ROW00231,CUST0411,2026-07-25 04:47:25,call_transcript,did not realize you know the new plan tier included that feature for free pleasantly surprised,surprise,good
ROW00232,CUST0193,2026-05-29 20:48:59,survey_feedback,"Just wanted to say, wasnt expecting support to respond this fast on a weekend, really impressed, wanted to put that on record.",surprise,good
ROW00233,CUST0523,2026-03-19 22:40:24,call_transcript,honestly we just stopped seeing the point of it kind of sad it didnt work out for honestly us um in the end,sadness,bad
ROW00234,CUST0243,2026-03-11 17:25:59,call_transcript,im not confident the new i mean permissions setup is uh actually secure,fear,bad
ROW00235,CUST0625,2026-03-31 06:42:53,call_transcript,did not expect the new integration to be this easy to set up uh honestly impressed,surprise,good
ROW00236,CUST0001,2026-06-06 15:48:15,call_transcript,so kind of sad our whole team has just quietly stopped using half the features we used to uh love i mean,sadness,bad
ROW00237,CUST0543,2026-05-14 13:22:08,survey_feedback,"You guys charged me twice this month and nobody on chat could explain why, just flagging it.",anger,bad
ROW00238,CUST0641,2026-05-23 10:06:14,survey_feedback,"So whats the difference between the pro and enterprise support tiers exactly, just flagging it.",neutral,neutral
ROW00239,CUST0074,2026-04-28 14:56:56,survey_feedback,"Just wanted to say, is there a way to export invoices as csv instead of pdf!",neutral,neutral
ROW00240,CUST0099,2026-03-22 16:35:49,call_transcript,so im worried this outage means i mean our customer um data was exposed somehow,fear,bad
ROW00241,CUST0458,2026-05-31 12:36:38,survey_feedback,"Honestly, teams still using it but adoption across departments has been slower than we hoped, wanted to put that on record.",neutral,neutral
ROW00242,CUST0077,2026-03-15 04:29:38,survey_feedback,"Ok so just confirming our seat count before the next billing cycle, figured id mention it.",neutral,neutral
ROW00243,CUST0011,2026-03-31 19:12:04,call_transcript,i had to explain the i mean same issue to three uh different agents you know and got nowhere,anger,bad
ROW00244,CUST0548,2026-06-18 11:33:06,survey_feedback,"Havent really had time to dig into the new features, still just using it for the basics.",neutral,neutral
ROW00245,CUST0293,2026-08-05 14:16:12,survey_feedback,"Not gonna lie, the mobile app finally works flawlessly even with our full dataset loaded, wanted to put that on record.",joy,good
ROW00246,CUST0721,2026-05-07 00:00:47,call_transcript,we lost um two days of data during the migration and support took way too long to respond,anger,bad
ROW00247,CUST0360,2026-05-07 08:57:26,survey_feedback,"Quick note, whats the difference between the pro and enterprise support tiers exactly, wanted to put that on record.",neutral,neutral
ROW00248,CUST0368,2026-04-12 07:46:14,call_transcript,not much to report this month usage honestly has been about the same as usual,neutral,neutral
ROW00249,CUST0451,2026-06-17 13:56:25,survey_feedback,"Quick note, support walked me through the backup settings and now i feel a lot better about it, wanted to put that on record.",joy,good
ROW00250,CUST0560,2026-05-07 00:32:55,survey_feedback,"Ok so im worried that if i migrate my data over to the new plan i might lose everything, figured id mention it.",fear,bad
ROW00251,CUST0481,2026-05-08 08:33:28,call_transcript,still kind of missing the i mean old templates weve just been doing things you know manually since,sadness,bad
ROW00252,CUST0063,2026-07-08 01:51:44,call_transcript,we tried to make it work but it just doesnt fit our workflow anymore sorry to uh go,sadness,bad
ROW00253,CUST0473,2026-07-30 06:48:49,survey_feedback,"Ok so does the pro plan include api access or do i need the enterprise tier for that, wanted to put that on record.",neutral,neutral
ROW00254,CUST0177,2026-04-13 08:21:56,survey_feedback,"Quick note, your team fixed my ticket within an hour, way faster than i expected.",joy,good
ROW00255,CUST0285,2026-07-16 13:35:28,call_transcript,the fine like print honestly on the renewal terms feels deliberately um misleading,disgust,bad
ROW00256,CUST0620,2026-04-05 00:46:01,survey_feedback,"Quick note, i keep getting charged for seats we already removed weeks ago.",anger,bad
ROW00257,CUST0130,2026-04-13 03:59:41,survey_feedback,"Honestly, its disappointing watching a tool we used to love slowly stop fitting what we need.",sadness,bad
ROW00258,CUST0398,2026-03-11 12:18:55,survey_feedback,"Ok so wanted to ask if theres a bulk import option for existing records, figured id mention it.",neutral,neutral
ROW00259,CUST0287,2026-07-28 07:19:31,call_transcript,i keep like getting charged for seats we already you know removed weeks ago,anger,bad
ROW00260,CUST0333,2026-06-26 02:39:18,survey_feedback,"So the fine print on the renewal terms feels deliberately misleading, just flagging it!",disgust,bad
ROW00261,CUST0236,2026-05-30 23:34:32,survey_feedback,"Switching from spreadsheets to this has saved our whole team hours every week, wanted to put that on record.",joy,good
ROW00262,CUST0472,2026-05-21 10:12:43,survey_feedback,"So the whole downgrade flow is designed to be as confusing as possible, figured id mention it.",disgust,bad
ROW00263,CUST0354,2026-03-14 00:59:12,survey_feedback,"Honestly, the marketing emails dont stop no matter how many times i unsubscribe.",disgust,bad
ROW00264,CUST0293,2026-08-08 21:16:41,survey_feedback,"Honestly, switching from spreadsheets to this has saved our whole team hours every week, just flagging it.",joy,good
ROW00265,CUST0264,2026-07-25 04:35:14,call_transcript,our like compliance team is you know asking about your data retention honestly policy and i dont have answers,fear,bad
ROW00266,CUST0175,2026-04-07 20:01:32,call_transcript,didnt realize the free trial would auto convert without reminding us first uh,surprise,bad
ROW00267,CUST0527,2026-04-11 09:39:48,call_transcript,just confirming our seat uh count before like the next billing cycle,neutral,neutral
ROW00268,CUST0540,2026-05-11 12:47:31,call_transcript,didnt expect the um migration to go this i mean smoothly no issues at all like,surprise,good
ROW00269,CUST0091,2026-08-12 11:43:35,call_transcript,so did not expect the price to jump like that much on renewal nobody mentioned it in the email,surprise,bad
ROW00270,CUST0726,2026-08-09 10:58:15,survey_feedback,"Just wanted to say, switching from spreadsheets to this has saved our whole team hours every week.",joy,good
ROW00271,CUST0477,2026-04-28 23:09:41,survey_feedback,"Ok so the free trial silently converted to a paid plan without any reminder, wanted to put that on record.",disgust,bad
ROW00272,CUST0269,2026-07-19 04:13:13,call_transcript,the like onboarding checklist made getting started honestly genuinely i mean painless,joy,good
ROW00273,CUST0491,2026-04-15 08:44:43,call_transcript,switching from spreadsheets to this has saved our whole team hours like every um week,joy,good
ROW00274,CUST0539,2026-06-16 04:44:20,survey_feedback,"Quick note, i had to explain the same issue to three different agents and got nowhere.",anger,bad
ROW00275,CUST0328,2026-02-25 14:37:03,call_transcript,so we tried to make it work like but it um just doesnt fit you know our workflow anymore sorry to go,sadness,bad
ROW00276,CUST0142,2026-07-22 22:45:09,call_transcript,so the integration broke after your last update and nobody warned us it was uh coming,anger,bad
ROW00277,CUST0104,2026-07-09 21:57:56,survey_feedback,"Ok so the feature we asked about last year still hasnt shown up and weve kind of given up hope, wanted to put that on record.",sadness,bad
ROW00278,CUST0722,2026-08-06 14:05:12,survey_feedback,"Ok so your team fixed my ticket within an hour, way faster than i expected.",joy,good
ROW00279,CUST0068,2026-07-10 06:47:46,call_transcript,so teams still using it but adoption across departments has been slower uh than we i mean hoped,neutral,neutral
ROW00280,CUST0566,2026-04-21 11:09:20,call_transcript,um the marketing emails dont stop no matter how many times i unsubscribe,disgust,bad
ROW00281,CUST0637,2026-03-03 08:56:59,survey_feedback,"So you sell our usage data to third parties without making that clear anywhere, just flagging it.",disgust,bad
ROW00282,CUST0734,2026-07-19 01:08:34,call_transcript,uh still one of the best tools we use day to day genuinely happy with it,joy,good
ROW00283,CUST0267,2026-03-19 06:59:46,survey_feedback,"Quick note, im concerned we wont be able to export everything if we ever need to leave, wanted to put that on record.",fear,bad
ROW00284,CUST0178,2026-08-02 11:47:18,survey_feedback,"So just confirming our seat count before the next billing cycle, just flagging it!",neutral,neutral
ROW00285,CUST0247,2026-03-25 02:00:15,call_transcript,so just i mean confirming our seat count before the next billing cycle,neutral,neutral
ROW00286,CUST0312,2026-07-24 08:23:17,call_transcript,finally managed to cancel after 20 you know minutes of um being redirected between pages,anger,bad
ROW00287,CUST0018,2026-06-04 22:04:02,survey_feedback,So whats the difference between the pro and enterprise support tiers exactly.,neutral,neutral
ROW00288,CUST0733,2026-07-24 15:10:07,survey_feedback,"Not gonna lie, weve had four outages this quarter and every time we call support its a 40 minute wait, wanted to put that on record.",anger,bad
ROW00289,CUST0205,2026-06-05 09:05:19,call_transcript,we lost two days like of data honestly during the uh migration and support took way too long to respond,anger,bad
ROW00290,CUST0088,2026-08-16 00:58:55,survey_feedback,"Not gonna lie, customer support read from a script the entire time and never actually listened.",disgust,bad
ROW00291,CUST0424,2026-04-13 08:15:00,survey_feedback,"Not gonna lie, support walked me through the backup settings and now i feel a lot better about it.",joy,good
ROW00292,CUST0078,2026-04-24 23:34:07,call_transcript,not much to report this month usage has been about the uh same um as i mean usual,neutral,neutral
ROW00293,CUST0243,2026-03-27 00:18:01,call_transcript,ive called three times now honestly and nobody's fixed the billing thing,anger,bad
ROW00294,CUST0291,2026-03-09 09:16:55,survey_feedback,"Honestly, the whole downgrade flow is designed to be as confusing as possible.",disgust,bad
ROW00295,CUST0441,2026-07-27 12:09:11,survey_feedback,"Not gonna lie, kind of bummed they removed the old reporting view, i really relied on that for my weekly standups.",sadness,bad
ROW00296,CUST0422,2026-06-03 05:59:14,call_transcript,wanted to ask like if theres uh a bulk import option for you know existing records,neutral,neutral
ROW00297,CUST0379,2026-02-27 22:48:39,call_transcript,so the mobile app finally works flawlessly even with our full dataset loaded honestly,joy,good
ROW00298,CUST0513,2026-03-10 03:51:38,survey_feedback,"Ok so the whole downgrade flow is designed to be as confusing as possible, just flagging it.",disgust,bad
ROW00299,CUST0507,2026-02-25 04:52:42,survey_feedback,"Didnt expect the migration to go this smoothly, no issues at all, just flagging it!",surprise,good
ROW00300,CUST0589,2026-05-30 18:30:21,call_transcript,didnt realize the free honestly trial would auto uh convert without reminding us first,surprise,bad
ROW00301,CUST0051,2026-03-08 12:46:59,call_transcript,the integration broke after you know your last update and nobody warned us it was coming,anger,bad
ROW00302,CUST0442,2026-05-21 06:47:05,survey_feedback,So i had to explain the same issue to three different agents and got nowhere.,anger,bad
ROW00303,CUST0516,2026-06-03 20:28:07,survey_feedback,"Honestly, customer support read from a script the entire time and never actually listened, figured id mention it.",disgust,bad
ROW00304,CUST0087,2026-03-28 16:51:25,call_transcript,the new dashboard update is amazing i mean it saved me so much time this week,joy,good
ROW00305,CUST0702,2026-02-22 10:26:55,survey_feedback,"Just wanted to say, didnt realize the free trial would auto convert without reminding us first, just flagging it.",surprise,bad
ROW00306,CUST0212,2026-05-11 02:57:21,call_transcript,does the pro plan include api um access or do uh i need the enterprise tier for that,neutral,neutral
ROW00307,CUST0340,2026-08-13 05:42:12,call_transcript,finally managed to cancel after 20 uh minutes of being redirected between pages,anger,bad
ROW00308,CUST0004,2026-06-21 02:49:49,survey_feedback,"Im scared we're going to lose our historical reports if we switch plans, just flagging it.",fear,bad
ROW00309,CUST0403,2026-06-02 19:38:39,survey_feedback,"Just wanted to say, wondering if the api has a sandbox environment for testing, figured id mention it.",neutral,neutral
ROW00310,CUST0614,2026-04-25 16:15:01,call_transcript,kind of bummed they removed the old reporting view i really relied on that for um my weekly like standups,sadness,bad
ROW00311,CUST0319,2026-05-28 01:45:21,survey_feedback,"Just wanted to say, wasnt expecting the feature we rely on to just disappear without any notice, wanted to put that on record.",surprise,bad
ROW00312,CUST0031,2026-06-16 15:19:30,survey_feedback,"Not gonna lie, its fine, does what we need i guess, figured id mention it.",neutral,neutral
ROW00313,CUST0327,2026-04-28 11:47:51,survey_feedback,"Quick note, the fine print on the renewal terms feels deliberately misleading, figured id mention it.",disgust,bad
ROW00314,CUST0012,2026-05-29 19:45:41,call_transcript,so we really wanted this i mean to work out it just didnt end up being the right fit,sadness,bad
ROW00315,CUST0659,2026-07-27 18:06:07,call_transcript,you honestly sell our usage data to third parties without making that clear anywhere,disgust,bad
ROW00316,CUST0744,2026-07-05 07:55:01,call_transcript,so teams still using it but adoption across departments has been slower i mean than we hoped,neutral,neutral
ROW00317,CUST0131,2026-03-22 16:59:00,survey_feedback,"Honestly, im worried that if i migrate my data over to the new plan i might lose everything, wanted to put that on record!",fear,bad
ROW00318,CUST0666,2026-06-20 20:05:37,survey_feedback,"Quick note, switching from spreadsheets to this has saved our whole team hours every week, figured id mention it.",joy,good
ROW00319,CUST0194,2026-03-23 20:40:09,call_transcript,ive uh called three times now and nobody's you know fixed i mean the billing thing,anger,bad
ROW00320,CUST0359,2026-05-16 02:51:47,survey_feedback,"Not gonna lie, the new dashboard update is amazing, it saved me so much time this week, figured id mention it.",joy,good
ROW00321,CUST0080,2026-03-09 07:08:31,survey_feedback,"Quick note, the fine print on the renewal terms feels deliberately misleading.",disgust,bad
ROW00322,CUST0010,2026-06-22 17:36:43,survey_feedback,"Not gonna lie, didnt realize the free trial would auto convert without reminding us first, wanted to put that on record.",surprise,bad
ROW00323,CUST0418,2026-07-07 20:33:12,survey_feedback,"Ok so our compliance team is asking about your data retention policy and i dont have answers, figured id mention it!",fear,bad
ROW00324,CUST0139,2026-07-25 15:07:07,call_transcript,wasnt you know expecting like our whole team i mean to get logged out with zero warning during the outage,surprise,bad
ROW00325,CUST0648,2026-04-27 15:11:30,survey_feedback,"Ok so the way you buried the cancel button in three different menus feels really shady, wanted to put that on record.",disgust,bad
ROW00326,CUST0119,2026-05-09 09:52:09,survey_feedback,"Teams still using it but adoption across departments has been slower than we hoped, figured id mention it!",neutral,neutral
ROW00327,CUST0220,2026-07-27 14:11:57,call_transcript,the free trial silently converted um to a paid you know plan without uh any reminder,disgust,bad
ROW00328,CUST0695,2026-05-28 14:21:48,survey_feedback,"Quick note, support walked me through the backup settings and now i feel a lot better about it.",joy,good
ROW00329,CUST0418,2026-03-02 18:42:08,call_transcript,my card was declined uh and it locked you know me out of my own account for a whole day honestly,anger,bad
ROW00330,CUST0001,2026-08-02 08:45:35,call_transcript,you sell you know our usage data to third parties without making that like clear anywhere,disgust,bad
ROW00331,CUST0717,2026-03-12 23:06:32,call_transcript,uh loving how simple this is for a one person like shop does exactly what i i mean need,joy,good
ROW00332,CUST0007,2026-05-16 00:36:03,call_transcript,the uh fine print on the renewal terms feels deliberately misleading,disgust,bad
ROW00333,CUST0330,2026-03-31 15:39:24,survey_feedback,"Just wanted to say, you sell our usage data to third parties without making that clear anywhere.",disgust,bad
ROW00334,CUST0377,2026-06-11 21:01:15,call_transcript,still kind of missing the old templates weve honestly just been doing um things manually since,sadness,bad
ROW00335,CUST0008,2026-03-14 10:34:20,call_transcript,so not much to uh report this month usage has been i mean about the same like as usual,neutral,neutral
ROW00336,CUST0585,2026-05-12 01:39:17,call_transcript,so i keep getting charged for seats we already uh removed weeks ago,anger,bad
ROW00337,CUST0629,2026-03-21 08:21:09,call_transcript,so did not expect um the price honestly to jump that much on renewal nobody mentioned it in the email,surprise,bad
ROW00338,CUST0086,2026-05-30 19:54:28,survey_feedback,"Just wanted to say, does the pro plan include api access or do i need the enterprise tier for that, just flagging it.",neutral,neutral
ROW00339,CUST0139,2026-03-13 09:05:46,survey_feedback,"Quick note, its disappointing watching a tool we used to love slowly stop fitting what we need.",sadness,bad
ROW00340,CUST0188,2026-02-26 20:54:15,survey_feedback,"So customer support read from a script the entire time and never actually listened, figured id mention it.",disgust,bad
ROW00341,CUST0203,2026-05-08 03:00:41,call_transcript,so is there a i mean way to export invoices as csv instead uh of pdf,neutral,neutral
ROW00342,CUST0689,2026-07-11 19:22:47,call_transcript,um wasnt expecting the feature we rely on to just i mean disappear without like any notice,surprise,bad
ROW00343,CUST0323,2026-06-19 23:03:11,call_transcript,the new dashboard update is amazing it saved me uh so much time this week you know,joy,good
ROW00344,CUST0235,2026-03-05 11:41:35,call_transcript,didnt realize the free uh trial would auto convert like without reminding us first i mean,surprise,bad
ROW00345,CUST0007,2026-03-18 01:45:48,call_transcript,customer support read from a script the entire time and honestly never actually listened,disgust,bad
ROW00346,CUST0585,2026-03-23 05:42:47,survey_feedback,"Just wanted to say, whats the difference between the pro and enterprise support tiers exactly, just flagging it!",neutral,neutral
ROW00347,CUST0034,2026-03-04 09:54:26,survey_feedback,"Not gonna lie, the export feature has been broken for a week and support still hasnt replied, wanted to put that on record.",anger,bad
ROW00348,CUST0642,2026-08-12 20:40:00,call_transcript,the export feature has been broken for a week and honestly support still hasnt replied,anger,bad
ROW00349,CUST0417,2026-05-08 09:59:55,call_transcript,didnt expect the migration to go this smoothly no issues at honestly all,surprise,good
ROW00350,CUST0331,2026-05-18 18:24:25,survey_feedback,"Ok so five years in and still our go to platform, genuinely happy with how its evolved, wanted to put that on record.",joy,good
ROW00351,CUST0455,2026-07-23 10:40:48,call_transcript,still kind of missing the old uh templates weve just been doing things manually since,sadness,bad
ROW00352,CUST0691,2026-03-23 08:50:10,survey_feedback,So the mobile app finally works flawlessly even with our full dataset loaded.,joy,good
ROW00353,CUST0156,2026-07-22 11:18:56,call_transcript,so the feature we asked about um last year still hasnt you know shown up and weve kind of given up hope i mean,sadness,bad
ROW00354,CUST0388,2026-07-04 16:41:04,call_transcript,our compliance team uh is asking about your data retention policy and i dont have honestly answers you know,fear,bad
ROW00355,CUST0573,2026-08-15 13:05:48,call_transcript,so i had to explain the same you know issue i mean to three different agents and got nowhere,anger,bad
ROW00356,CUST0149,2026-04-06 11:23:22,call_transcript,so didnt realize the free trial like would auto convert without you know reminding uh us first,surprise,bad
ROW00357,CUST0212,2026-06-04 05:06:01,call_transcript,the fine i mean print uh on the renewal terms feels deliberately like misleading,disgust,bad
ROW00358,CUST0417,2026-06-07 01:38:39,call_transcript,didnt realize the free trial would honestly auto convert without reminding us you know first like,surprise,bad
ROW00359,CUST0239,2026-07-23 20:02:11,survey_feedback,So i keep getting charged for seats we already removed weeks ago.,anger,bad
ROW00360,CUST0443,2026-03-14 23:49:09,call_transcript,so we really wanted this uh to work out it just didnt end up being the right fit,sadness,bad
ROW00361,CUST0591,2026-05-17 00:23:14,survey_feedback,"So we really wanted this to work out, it just didnt end up being the right fit, figured id mention it.",sadness,bad
ROW00362,CUST0564,2026-03-04 05:47:14,survey_feedback,"Quick note, im scared we're going to lose our historical reports if we switch plans.",fear,bad
ROW00363,CUST0658,2026-02-27 20:48:58,survey_feedback,"Just wanted to say, your team fixed my ticket within an hour, way faster than i expected!",joy,good
ROW00364,CUST0318,2026-04-02 22:54:28,call_transcript,so is my data actually backed up somewhere i mean im a bit nervous about losing my project like files,fear,bad
ROW00365,CUST0731,2026-07-13 21:08:09,call_transcript,honestly i keep getting charged uh for seats we already removed weeks ago,anger,bad
ROW00366,CUST0438,2026-03-01 05:59:03,survey_feedback,"Not gonna lie, your api rate limit is blocking our entire workflow during our busiest hours, just flagging it.",anger,bad
ROW00367,CUST0240,2026-07-31 19:53:27,call_transcript,wasnt um expecting our whole team to get logged out with zero warning during the outage,surprise,bad
ROW00368,CUST0498,2026-06-19 00:24:49,call_transcript,so not um sure what happens to our account if the payment fails again next uh month,fear,bad
ROW00369,CUST0538,2026-07-24 02:26:23,survey_feedback,"Not gonna lie, the mobile app finally works flawlessly even with our full dataset loaded, just flagging it.",joy,good
ROW00370,CUST0110,2026-06-20 02:11:23,survey_feedback,"The fine print on the renewal terms feels deliberately misleading, just flagging it.",disgust,bad
ROW00371,CUST0474,2026-03-03 02:22:29,call_transcript,so ive uh called three times now and honestly nobody's fixed the billing thing,anger,bad
ROW00372,CUST0670,2026-05-21 12:23:01,call_transcript,so were just i mean a little disappointed cause um the old template feature got taken you know away,sadness,bad
ROW00373,CUST0398,2026-04-06 20:46:03,survey_feedback,"Just wanted to say, im scared we're going to lose our historical reports if we switch plans, figured id mention it.",fear,bad
ROW00374,CUST0699,2026-07-20 10:48:48,call_transcript,i had to explain the same issue you know to three different agents and got nowhere,anger,bad
ROW00375,CUST0394,2026-05-06 02:03:39,call_transcript,i uh keep i mean getting charged for seats we already removed weeks ago,anger,bad
ROW00376,CUST0659,2026-04-04 20:30:03,survey_feedback,"So kind of sad our whole team has just quietly stopped using half the features we used to love, just flagging it.",sadness,bad
ROW00377,CUST0006,2026-02-25 01:26:01,call_transcript,can someone confirm um if our renewal date changed before i mean next quarter,neutral,neutral
ROW00378,CUST0137,2026-05-11 10:57:18,call_transcript,so the you know free trial silently converted to i mean a paid plan without any reminder uh,disgust,bad
ROW00379,CUST0233,2026-05-03 12:54:43,survey_feedback,"Just wanted to say, did not expect the price to jump that much on renewal, nobody mentioned it in the email, figured id mention it.",surprise,bad
ROW00380,CUST0566,2026-08-14 05:50:59,survey_feedback,"Ok so didnt realize the free trial would auto convert without reminding us first, wanted to put that on record!",surprise,bad
ROW00381,CUST0567,2026-08-05 20:03:33,survey_feedback,"Ok so support keeps closing my ticket without actually fixing anything, figured id mention it.",anger,bad
ROW00382,CUST0006,2026-08-20 01:24:33,call_transcript,its disappointing watching a tool we used um to uh love slowly stop fitting what we need,sadness,bad
ROW00383,CUST0037,2026-04-25 19:54:31,survey_feedback,"Honestly, support keeps closing my ticket without actually fixing anything.",anger,bad
ROW00384,CUST0283,2026-07-18 07:23:49,call_transcript,so still one of the best tools we um use day to day genuinely happy with it,joy,good
ROW00385,CUST0150,2026-07-02 02:07:08,call_transcript,the new integration took i mean five minutes to set up and like just worked,joy,good
ROW00386,CUST0454,2026-02-28 21:22:04,call_transcript,so whats the difference between the pro like and you know enterprise support tiers i mean exactly,neutral,neutral
ROW00387,CUST0199,2026-03-24 17:14:45,call_transcript,honestly the new dashboard update is amazing it saved me so much you know time this week,joy,good
ROW00388,CUST0741,2026-04-26 08:00:10,call_transcript,i keep like getting charged for seats we already removed weeks ago,anger,bad
ROW00389,CUST0559,2026-04-14 14:51:48,survey_feedback,"Honestly, is my data actually backed up somewhere, im a bit nervous about losing my project files, figured id mention it.",fear,bad
ROW00390,CUST0598,2026-08-21 15:55:15,survey_feedback,"Quick note, we lost two days of data during the migration and support took way too long to respond, figured id mention it.",anger,bad
ROW00391,CUST0311,2026-04-15 18:30:19,survey_feedback,"Just wanted to say, does the pro plan include api access or do i need the enterprise tier for that.",neutral,neutral
ROW00392,CUST0121,2026-07-15 03:28:08,survey_feedback,"A bit concerned about the response times lately, our tickets have been sitting longer than usual.",fear,bad
ROW00393,CUST0401,2026-04-18 03:17:37,survey_feedback,"Ok so im worried that if i migrate my data over to the new plan i might lose everything, just flagging it.",fear,bad
ROW00394,CUST0292,2026-08-21 11:26:56,call_transcript,uh im worried this outage means our customer data honestly was exposed i mean somehow,fear,bad
ROW00395,CUST0566,2026-04-09 00:00:58,call_transcript,im worried this outage means our customer data you know was exposed somehow,fear,bad
ROW00396,CUST0701,2026-05-05 08:16:40,call_transcript,uh my card was declined and it um locked me out of my own account for a whole day,anger,bad
ROW00397,CUST0208,2026-07-22 13:31:00,survey_feedback,So the new integration took five minutes to set up and just worked!,joy,good
ROW00398,CUST0227,2026-07-31 02:14:59,survey_feedback,"Honestly, still one of the best tools we use day to day, genuinely happy with it, figured id mention it.",joy,good
ROW00399,CUST0655,2026-07-29 15:57:52,call_transcript,you know a bit honestly concerned about the uh response times lately our tickets have been sitting longer than usual,fear,bad
ROW00400,CUST0222,2026-05-14 10:26:09,call_transcript,so wasnt expecting support to respond this like fast honestly on a weekend really impressed,surprise,good
ROW00401,CUST0294,2026-05-24 03:17:58,survey_feedback,"Not gonna lie, support keeps closing my ticket without actually fixing anything, figured id mention it.",anger,bad
ROW00402,CUST0713,2026-05-11 17:24:48,survey_feedback,"Not gonna lie, checking whether the new update changes anything for our current workflow, wanted to put that on record.",neutral,neutral
ROW00403,CUST0505,2026-07-26 10:55:26,call_transcript,didnt expect the migration to go this smoothly you know no issues at all,surprise,good
ROW00404,CUST0207,2026-07-12 04:01:02,survey_feedback,"Quick note, wasnt expecting support to respond this fast on a weekend, really impressed, wanted to put that on record!",surprise,good
ROW00405,CUST0472,2026-06-02 04:52:18,survey_feedback,"We lost two days of data during the migration and support took way too long to respond, wanted to put that on record!",anger,bad
ROW00406,CUST0553,2026-06-20 03:54:32,call_transcript,im not confident you know the new permissions setup is actually secure,fear,bad
ROW00407,CUST0716,2026-03-28 21:31:47,survey_feedback,"Quick note, still kind of missing the old templates, weve just been doing things manually since, just flagging it.",sadness,bad
ROW00408,CUST0440,2026-04-24 09:06:37,call_transcript,so wasnt expecting support to respond this i mean fast on a weekend really impressed like,surprise,good
ROW00409,CUST0346,2026-05-31 23:48:58,call_transcript,so wondering if the api has a sandbox like environment for testing,neutral,neutral
ROW00410,CUST0591,2026-06-21 20:15:13,survey_feedback,"Not gonna lie, we really wanted this to work out, it just didnt end up being the right fit!",sadness,bad
ROW00411,CUST0185,2026-03-27 22:11:31,survey_feedback,"Not gonna lie, wasnt expecting support to respond this fast on a weekend, really impressed, just flagging it!",surprise,good
ROW00412,CUST0586,2026-08-16 21:17:12,survey_feedback,Im not confident the new permissions setup is actually secure.,fear,bad
ROW00413,CUST0525,2026-07-24 19:30:53,call_transcript,you know is there a way to export invoices as csv instead of pdf,neutral,neutral
ROW00414,CUST0604,2026-06-27 19:31:19,survey_feedback,"Just wanted to say, the whole downgrade flow is designed to be as confusing as possible, just flagging it!",disgust,bad
ROW00415,CUST0329,2026-06-30 01:44:23,call_transcript,your team fixed my ticket within an hour way faster than honestly i expected,joy,good
ROW00416,CUST0568,2026-06-22 06:56:20,call_transcript,we really wanted this to work you know out it just didnt honestly end up being uh the right fit,sadness,bad
ROW00417,CUST0409,2026-04-05 04:15:37,survey_feedback,"Honestly, im worried this outage means our customer data was exposed somehow, just flagging it.",fear,bad
ROW00418,CUST0048,2026-03-28 08:47:02,survey_feedback,"Ok so did not expect the new integration to be this easy to set up, honestly impressed.",surprise,good
ROW00419,CUST0155,2026-03-23 05:13:06,call_transcript,the marketing emails dont stop no matter how many times um i unsubscribe you know,disgust,bad
ROW00420,CUST0344,2026-07-23 05:29:27,call_transcript,i had to explain the same issue to like three different agents and got i mean nowhere,anger,bad
ROW00421,CUST0052,2026-04-29 18:31:42,survey_feedback,"Ok so five years in and still our go to platform, genuinely happy with how its evolved.",joy,good
ROW00422,CUST0518,2026-05-09 05:40:47,call_transcript,so the marketing emails dont stop no matter how many like times i unsubscribe,disgust,bad
ROW00423,CUST0215,2026-06-04 01:19:46,survey_feedback,"So can someone confirm if our renewal date changed before next quarter, figured id mention it.",neutral,neutral
ROW00424,CUST0170,2026-03-12 20:54:39,survey_feedback,"Honestly, the free trial silently converted to a paid plan without any reminder, just flagging it!",disgust,bad
ROW00425,CUST0046,2026-06-16 14:07:51,survey_feedback,"Ok so wasnt expecting the feature we rely on to just disappear without any notice, wanted to put that on record.",surprise,bad
ROW00426,CUST0601,2026-04-03 03:09:30,call_transcript,did not expect the price to jump like that much on honestly renewal nobody mentioned uh it in the email,surprise,bad
ROW00427,CUST0142,2026-07-09 23:48:30,survey_feedback,"Not gonna lie, still one of the best tools we use day to day, genuinely happy with it.",joy,good
ROW00428,CUST0680,2026-05-21 12:24:46,call_transcript,im nervous the price i mean is going to jump again at the next renewal,fear,bad
ROW00429,CUST0330,2026-05-08 14:03:47,call_transcript,whats the difference like between the pro and enterprise support tiers exactly,neutral,neutral
ROW00430,CUST0350,2026-07-15 07:57:28,survey_feedback,"Not gonna lie, the mobile app finally works flawlessly even with our full dataset loaded.",joy,good
ROW00431,CUST0647,2026-03-27 12:53:48,survey_feedback,"Support keeps closing my ticket without actually fixing anything, just flagging it.",anger,bad
ROW00432,CUST0079,2026-05-04 15:22:12,call_transcript,so did not expect the new integration uh to be this easy um to set up honestly honestly impressed,surprise,good
ROW00433,CUST0157,2026-03-29 20:31:06,survey_feedback,So support keeps closing my ticket without actually fixing anything.,anger,bad
ROW00434,CUST0588,2026-08-17 09:24:12,call_transcript,so support tried um to guilt trip me into staying instead like of just helping me i mean cancel,disgust,bad
ROW00435,CUST0574,2026-07-22 03:48:24,survey_feedback,"Not gonna lie, its fine, does what we need i guess, wanted to put that on record.",neutral,neutral
ROW00436,CUST0453,2026-04-19 18:29:40,call_transcript,i mean is there a way to export invoices as csv instead of pdf,neutral,neutral
ROW00437,CUST0159,2026-02-25 04:09:38,call_transcript,support tried to guilt trip me into uh staying instead of just honestly helping me cancel like,disgust,bad
ROW00438,CUST0139,2026-07-06 23:11:26,call_transcript,whats you know the difference between the pro uh and um enterprise support tiers exactly,neutral,neutral
ROW00439,CUST0549,2026-05-19 23:14:24,call_transcript,so its fine like does what we you know need um i guess,neutral,neutral
ROW00440,CUST0413,2026-04-27 07:37:07,survey_feedback,"Ok so whats the difference between the pro and enterprise support tiers exactly, figured id mention it.",neutral,neutral
ROW00441,CUST0086,2026-03-18 16:31:48,call_transcript,so a like bit concerned about the response times lately our tickets have uh been sitting um longer than usual,fear,bad
ROW00442,CUST0412,2026-05-05 07:13:54,survey_feedback,Its disappointing watching a tool we used to love slowly stop fitting what we need.,sadness,bad
ROW00443,CUST0154,2026-03-23 00:06:38,call_transcript,so my card was declined and honestly it locked me out of my um own account for a whole day,anger,bad
ROW00444,CUST0697,2026-06-21 19:34:27,call_transcript,didnt realize the free like trial would auto convert without reminding us first,surprise,bad
ROW00445,CUST0464,2026-03-16 16:12:49,call_transcript,weve had four outages uh this quarter and honestly every time we call um support its a 40 minute wait,anger,bad
ROW00446,CUST0148,2026-04-21 02:55:53,survey_feedback,"Just wanted to say, can someone confirm if our renewal date changed before next quarter, wanted to put that on record.",neutral,neutral
ROW00447,CUST0659,2026-04-05 03:44:37,survey_feedback,"So wasnt expecting support to respond this fast on a weekend, really impressed.",surprise,good
ROW00448,CUST0435,2026-07-30 13:16:22,survey_feedback,"Just wanted to say, im concerned we wont be able to export everything if we ever need to leave, wanted to put that on record.",fear,bad
ROW00449,CUST0353,2026-08-06 19:48:52,call_transcript,um support tried to guilt trip me into staying instead of just helping me cancel,disgust,bad
ROW00450,CUST0330,2026-05-19 21:03:23,call_transcript,so im nervous the price is going to jump like again at the next renewal,fear,bad
ROW00451,CUST0294,2026-03-11 23:11:24,call_transcript,so the fine print on the uh renewal terms feels you know deliberately misleading,disgust,bad
ROW00452,CUST0303,2026-03-05 21:09:19,call_transcript,so its disappointing watching a tool um we used to love slowly stop fitting what we need,sadness,bad
ROW00453,CUST0699,2026-03-24 16:43:17,call_transcript,so im not confident the new honestly permissions setup is i mean actually secure like,fear,bad
ROW00454,CUST0503,2026-07-21 14:17:56,call_transcript,so havent really had time to dig into the new features um still just using it uh for the basics,neutral,neutral
ROW00455,CUST0308,2026-04-21 08:28:51,call_transcript,wasnt expecting support to respond this fast on a weekend really impressed you know,surprise,good
ROW00456,CUST0568,2026-05-17 10:23:51,call_transcript,wasnt honestly expecting the feature we rely on to just disappear um without like any notice,surprise,bad
ROW00457,CUST0047,2026-07-16 07:11:36,call_transcript,you keep auto enrolling us in paid add ons we um never like asked for,disgust,bad
ROW00458,CUST0701,2026-04-18 08:06:52,survey_feedback,"Quick note, the mobile app finally works flawlessly even with our full dataset loaded.",joy,good
ROW00459,CUST0391,2026-04-22 12:30:10,call_transcript,uh the um whole downgrade flow is designed to i mean be as confusing as possible,disgust,bad
ROW00460,CUST0014,2026-08-05 20:32:25,survey_feedback,"Not gonna lie, did not realize the new plan tier included that feature for free, pleasantly surprised, just flagging it.",surprise,good
ROW00461,CUST0608,2026-05-02 04:40:46,call_transcript,ive uh called three times now and nobody's fixed um the billing thing,anger,bad
ROW00462,CUST0404,2026-07-20 21:11:05,call_transcript,like havent uh really had time to um dig into the new features still just using it for the basics,neutral,neutral
ROW00463,CUST0024,2026-04-30 08:40:30,call_transcript,its fine you know does what um we need i guess i mean,neutral,neutral
ROW00464,CUST0474,2026-02-23 05:48:31,survey_feedback,"Not gonna lie, checking whether the new update changes anything for our current workflow.",neutral,neutral
ROW00465,CUST0184,2026-04-30 14:01:28,call_transcript,my card was like declined and it locked me out honestly of um my own account for a whole day,anger,bad
ROW00466,CUST0734,2026-08-08 03:03:35,call_transcript,wondering if the api has a honestly sandbox environment for testing like,neutral,neutral
ROW00467,CUST0726,2026-07-21 12:46:14,call_transcript,im nervous the price honestly is going to jump again at the next renewal,fear,bad
ROW00468,CUST0725,2026-03-23 08:12:32,survey_feedback,"You keep auto enrolling us in paid add ons we never asked for, figured id mention it.",disgust,bad
ROW00469,CUST0191,2026-05-22 07:04:13,call_transcript,i keep um getting charged for i mean seats we already removed weeks ago,anger,bad
ROW00470,CUST0156,2026-07-17 20:14:32,call_transcript,can i mean someone confirm if our renewal date changed um before next quarter uh,neutral,neutral
ROW00471,CUST0558,2026-06-11 05:36:57,call_transcript,its disappointing watching a tool we used to love honestly slowly stop i mean fitting what we need,sadness,bad
ROW00472,CUST0670,2026-04-13 06:03:39,survey_feedback,"Honestly, im worried that if i migrate my data over to the new plan i might lose everything, just flagging it.",fear,bad
ROW00473,CUST0572,2026-04-22 04:25:40,survey_feedback,"Just wanted to say, im concerned we wont be able to export everything if we ever need to leave.",fear,bad
ROW00474,CUST0233,2026-08-05 04:58:29,call_transcript,so did not expect um the uh new integration to be this easy to set up honestly impressed,surprise,good
ROW00475,CUST0739,2026-05-05 08:44:51,call_transcript,im like scared um we're you know going to lose our historical reports if we switch plans,fear,bad
ROW00476,CUST0415,2026-06-08 08:02:11,survey_feedback,"Ok so the feature we asked about last year still hasnt shown up and weve kind of given up hope, just flagging it.",sadness,bad
ROW00477,CUST0445,2026-07-25 03:32:27,survey_feedback,"Not gonna lie, the onboarding checklist made getting started genuinely painless, figured id mention it.",joy,good
ROW00478,CUST0089,2026-06-05 21:47:24,survey_feedback,"Quick note, wasnt expecting support to respond this fast on a weekend, really impressed, wanted to put that on record.",surprise,good
ROW00479,CUST0548,2026-06-05 00:08:23,survey_feedback,"Not gonna lie, kind of bummed they removed the old reporting view, i really relied on that for my weekly standups, wanted to put that on record!",sadness,bad
ROW00480,CUST0582,2026-05-06 10:24:34,survey_feedback,"Just wanted to say, its disappointing watching a tool we used to love slowly stop fitting what we need!",sadness,bad
ROW00481,CUST0366,2026-04-25 14:56:27,survey_feedback,"Just wanted to say, didnt expect the migration to go this smoothly, no issues at all, figured id mention it.",surprise,good
ROW00482,CUST0077,2026-05-03 19:01:26,call_transcript,im not confident the i mean new permissions setup is uh actually honestly secure,fear,bad
ROW00483,CUST0392,2026-05-23 08:20:06,call_transcript,so the you know feature we asked about last year still hasnt honestly shown up uh and weve kind of given up hope,sadness,bad
ROW00484,CUST0550,2026-06-11 19:32:29,survey_feedback,"Quick note, checking whether the new update changes anything for our current workflow, just flagging it.",neutral,neutral
ROW00485,CUST0624,2026-05-27 08:51:48,survey_feedback,"Quick note, weve had four outages this quarter and every time we call support its a 40 minute wait, figured id mention it.",anger,bad
ROW00486,CUST0323,2026-02-24 07:30:12,survey_feedback,"Five years in and still our go to platform, genuinely happy with how its evolved, wanted to put that on record.",joy,good
ROW00487,CUST0224,2026-08-21 09:43:07,call_transcript,so did not expect the price to jump that much on renewal nobody mentioned you know it in uh the email,surprise,bad
ROW00488,CUST0326,2026-08-03 11:49:41,call_transcript,didnt realize the free trial would uh auto convert without like reminding us first,surprise,bad
ROW00489,CUST0122,2026-04-12 03:02:13,survey_feedback,"The new dashboard update is amazing, it saved me so much time this week!",joy,good
ROW00490,CUST0018,2026-07-16 18:12:01,call_transcript,so wasnt i mean expecting our whole team to get logged out with you know zero warning during the outage,surprise,bad
ROW00491,CUST0549,2026-06-16 03:31:42,call_transcript,kind of sad our honestly whole team has just quietly stopped using half the features we uh used to love,sadness,bad
ROW00492,CUST0133,2026-06-22 16:33:35,call_transcript,um not sure what happens to our account honestly if the payment fails again uh next month,fear,bad
ROW00493,CUST0486,2026-02-26 22:53:57,survey_feedback,"The redesigned reporting view is so much easier to read than before, figured id mention it.",joy,good
ROW00494,CUST0145,2026-05-25 14:25:10,call_transcript,the marketing emails dont um stop no matter how many times i unsubscribe,disgust,bad
ROW00495,CUST0514,2026-07-01 06:09:21,call_transcript,not sure what happens to our account um if the payment fails again i mean next month,fear,bad
ROW00496,CUST0330,2026-05-26 03:28:51,survey_feedback,"Quick note, did not expect the price to jump that much on renewal, nobody mentioned it in the email, just flagging it!",surprise,bad
ROW00497,CUST0616,2026-05-16 01:59:51,survey_feedback,"Honestly, we lost two days of data during the migration and support took way too long to respond!",anger,bad
ROW00498,CUST0079,2026-04-14 21:12:00,call_transcript,wasnt expecting um our uh whole team to get logged out with zero warning during the outage,surprise,bad
ROW00499,CUST0647,2026-03-01 06:31:13,call_transcript,im not confident um the new permissions setup is actually honestly secure i mean,fear,bad
ROW00500,CUST0618,2026-03-24 07:48:38,call_transcript,still one of like the best tools we use day to day genuinely happy with it,joy,good
ROW00501,CUST0121,2026-06-25 18:33:26,call_transcript,like its fine does what honestly we need i you know guess,neutral,neutral
ROW00502,CUST0176,2026-06-30 11:40:18,call_transcript,support keeps closing my uh ticket without actually fixing anything,anger,bad
ROW00503,CUST0067,2026-04-25 19:54:16,survey_feedback,Ok so our compliance team is asking about your data retention policy and i dont have answers.,fear,bad
ROW00504,CUST0715,2026-04-05 16:23:26,survey_feedback,"Just wanted to say, im nervous the price is going to jump again at the next renewal, just flagging it.",fear,bad
ROW00505,CUST0318,2026-06-08 08:10:18,call_transcript,so didnt like expect the migration to go this smoothly um no issues at all,surprise,good
ROW00506,CUST0530,2026-05-10 20:33:47,call_transcript,didnt realize the free honestly trial would auto convert without reminding us first,surprise,bad
ROW00507,CUST0079,2026-03-15 14:56:26,survey_feedback,"Ok so whats the difference between the pro and enterprise support tiers exactly, just flagging it.",neutral,neutral
ROW00508,CUST0506,2026-03-23 04:19:06,call_transcript,were just a little disappointed cause the old template feature got taken i mean away,sadness,bad
ROW00509,CUST0677,2026-05-01 09:52:07,survey_feedback,Ok so support tried to guilt trip me into staying instead of just helping me cancel.,disgust,bad
ROW00510,CUST0173,2026-02-25 15:48:18,survey_feedback,"Not gonna lie, support tried to guilt trip me into staying instead of just helping me cancel, wanted to put that on record.",disgust,bad
ROW00511,CUST0099,2026-08-21 10:40:02,survey_feedback,"Quick note, teams still using it but adoption across departments has been slower than we hoped, wanted to put that on record.",neutral,neutral
ROW00512,CUST0079,2026-03-24 22:55:01,call_transcript,so wanted to ask if i mean theres like a bulk import option for existing records,neutral,neutral
ROW00513,CUST0135,2026-07-21 09:25:50,call_transcript,so we really wanted this to work out it i mean just um didnt end up uh being the right fit,sadness,bad
ROW00514,CUST0666,2026-05-17 13:00:21,call_transcript,can someone confirm if our renewal date changed uh before next quarter,neutral,neutral
ROW00515,CUST0399,2026-08-19 18:19:02,survey_feedback,"Honestly, we lost two days of data during the migration and support took way too long to respond, wanted to put that on record!",anger,bad
ROW00516,CUST0144,2026-04-08 22:19:30,survey_feedback,"Ok so support keeps closing my ticket without actually fixing anything, just flagging it.",anger,bad
ROW00517,CUST0566,2026-03-10 07:11:31,survey_feedback,"Honestly, the new integration took five minutes to set up and just worked, wanted to put that on record!",joy,good
ROW00518,CUST0373,2026-06-29 12:19:05,survey_feedback,"Honestly, im worried this outage means our customer data was exposed somehow!",fear,bad
ROW00519,CUST0346,2026-03-15 23:17:18,call_transcript,so is um my data actually backed up somewhere im a bit nervous about losing my project files,fear,bad
ROW00520,CUST0371,2026-07-28 09:19:34,call_transcript,our compliance team is asking about you know your data retention policy and i dont have answers,fear,bad
ROW00521,CUST0740,2026-05-08 08:42:56,call_transcript,loving like how simple this is for a one person shop does exactly what i need,joy,good
ROW00522,CUST0546,2026-04-12 02:10:28,survey_feedback,"Not gonna lie, you guys charged me twice this month and nobody on chat could explain why, wanted to put that on record.",anger,bad
ROW00523,CUST0580,2026-06-30 14:21:39,call_transcript,does the pro plan include api access or honestly do i need the enterprise tier for that,neutral,neutral
ROW00524,CUST0597,2026-04-23 08:41:01,call_transcript,the integration broke after your last update and honestly nobody warned us um it was coming,anger,bad
ROW00525,CUST0456,2026-02-28 12:03:43,survey_feedback,"Honestly, the new dashboard update is amazing, it saved me so much time this week, figured id mention it.",joy,good
ROW00526,CUST0433,2026-08-04 02:05:16,survey_feedback,"Honestly, im not confident the new permissions setup is actually secure, wanted to put that on record.",fear,bad
ROW00527,CUST0744,2026-05-10 13:42:08,call_transcript,not sure what happens to our account uh if the payment fails um again next month,fear,bad
ROW00528,CUST0508,2026-05-02 16:25:59,call_transcript,weve had four outages this quarter and every time uh we call um support its a 40 minute wait,anger,bad
ROW00529,CUST0538,2026-07-08 01:33:55,call_transcript,uh the feature we like asked about last year still hasnt you know shown up and weve kind of given up hope,sadness,bad
ROW00530,CUST0661,2026-04-02 07:57:35,survey_feedback,"So the onboarding checklist made getting started genuinely painless, wanted to put that on record!",joy,good
ROW00531,CUST0017,2026-03-17 13:06:31,call_transcript,so the like export feature has been broken for a week and support still honestly hasnt replied um,anger,bad
ROW00532,CUST0462,2026-03-26 13:32:47,survey_feedback,"Support walked me through the backup settings and now i feel a lot better about it, figured id mention it.",joy,good
ROW00533,CUST0447,2026-05-16 09:54:42,survey_feedback,"Quick note, my card was declined and it locked me out of my own account for a whole day.",anger,bad
ROW00534,CUST0461,2026-03-03 02:51:42,call_transcript,so the marketing emails dont like stop no matter honestly how many times i uh unsubscribe,disgust,bad
ROW00535,CUST0659,2026-07-15 15:06:06,survey_feedback,"Not gonna lie, can someone confirm if our renewal date changed before next quarter, just flagging it.",neutral,neutral
ROW00536,CUST0319,2026-05-23 05:45:27,survey_feedback,"Ok so the whole downgrade flow is designed to be as confusing as possible, figured id mention it.",disgust,bad
ROW00537,CUST0086,2026-03-12 16:46:37,call_transcript,so didnt realize the free trial would auto convert without i mean reminding us first,surprise,bad
ROW00538,CUST0578,2026-03-06 20:52:32,call_transcript,weve had uh four outages this quarter honestly and every i mean time we call support its a 40 minute wait,anger,bad
ROW00539,CUST0404,2026-02-27 16:25:09,survey_feedback,"Quick note, does the pro plan include api access or do i need the enterprise tier for that, just flagging it.",neutral,neutral
ROW00540,CUST0722,2026-07-01 06:42:45,survey_feedback,"Just wanted to say, the fine print on the renewal terms feels deliberately misleading, figured id mention it!",disgust,bad
ROW00541,CUST0485,2026-05-24 12:25:04,call_transcript,you know we lost two days of data during the migration and like support took uh way too long to respond,anger,bad
ROW00542,CUST0482,2026-08-13 23:55:09,call_transcript,so support tried to guilt trip um me into staying instead of just helping me cancel,disgust,bad
ROW00543,CUST0505,2026-03-11 18:07:05,call_transcript,like did not expect the new integration to be this easy to set you know up uh honestly impressed,surprise,good
ROW00544,CUST0614,2026-08-07 22:14:29,survey_feedback,"Just wanted to say, wanted to ask if theres a bulk import option for existing records, just flagging it.",neutral,neutral
ROW00545,CUST0242,2026-05-10 16:49:51,call_transcript,im um concerned we wont be able you know to export everything if we ever need honestly to leave,fear,bad
ROW00546,CUST0387,2026-07-12 10:20:00,survey_feedback,"Support walked me through the backup settings and now i feel a lot better about it, wanted to put that on record.",joy,good
ROW00547,CUST0406,2026-02-25 04:35:52,call_transcript,you keep auto enrolling us in honestly paid add um ons we never asked for,disgust,bad
ROW00548,CUST0001,2026-07-17 00:16:10,call_transcript,so support walked me through the honestly backup settings and now i feel you know a lot better about it,joy,good
ROW00549,CUST0342,2026-05-19 03:19:15,call_transcript,im worried that if i migrate my data over to the new plan you know i might uh lose everything,fear,bad
ROW00550,CUST0420,2026-03-11 15:32:01,call_transcript,did not expect the new integration to be this honestly easy like to set up you know honestly impressed,surprise,good
ROW00551,CUST0735,2026-07-19 15:04:59,call_transcript,honestly the way you buried the cancel button in i mean three different menus feels really shady,disgust,bad
ROW00552,CUST0205,2026-05-16 01:06:00,survey_feedback,Ok so the onboarding checklist made getting started genuinely painless.,joy,good
ROW00553,CUST0466,2026-03-09 12:06:46,survey_feedback,So finally managed to cancel after 20 minutes of being redirected between pages.,anger,bad
ROW00554,CUST0717,2026-08-09 02:20:07,call_transcript,five years in and still um our go to platform genuinely happy with how its evolved,joy,good
ROW00555,CUST0068,2026-08-16 01:45:44,call_transcript,you know checking whether the new uh update changes anything for our current workflow,neutral,neutral
ROW00556,CUST0346,2026-03-14 21:53:30,call_transcript,the onboarding checklist like made getting started honestly genuinely painless,joy,good
ROW00557,CUST0157,2026-03-08 23:41:49,call_transcript,the feature we asked about last year still hasnt shown um up and weve honestly kind of given up hope,sadness,bad
ROW00558,CUST0088,2026-07-01 04:30:48,survey_feedback,"Quick note, you guys charged me twice this month and nobody on chat could explain why, figured id mention it.",anger,bad
ROW00559,CUST0288,2026-05-16 18:03:09,call_transcript,switching from um spreadsheets to this has saved our whole team hours i mean every week like,joy,good
ROW00560,CUST0585,2026-08-01 02:03:47,survey_feedback,"Honestly, did not expect the new integration to be this easy to set up, honestly impressed, wanted to put that on record!",surprise,good
ROW00561,CUST0652,2026-08-11 17:47:31,survey_feedback,"Not gonna lie, loving how simple this is for a one person shop, does exactly what i need.",joy,good
ROW00562,CUST0447,2026-06-07 06:08:08,survey_feedback,"Ok so still kind of missing the old templates, weve just been doing things manually since, wanted to put that on record.",sadness,bad
ROW00563,CUST0610,2026-06-23 14:29:29,call_transcript,uh the new integration took five minutes to set up and um just worked,joy,good
ROW00564,CUST0668,2026-05-29 11:54:03,call_transcript,its fine um does what we need i guess,neutral,neutral
ROW00565,CUST0550,2026-05-20 01:10:10,call_transcript,like the new dashboard update is amazing it saved me so much time this week,joy,good
ROW00566,CUST0222,2026-07-06 10:13:31,survey_feedback,"Quick note, support tried to guilt trip me into staying instead of just helping me cancel.",disgust,bad
ROW00567,CUST0589,2026-04-17 10:09:57,call_transcript,honestly kind of bummed um they removed the old reporting view uh i really relied on that for my weekly standups,sadness,bad
ROW00568,CUST0047,2026-08-12 00:58:09,call_transcript,loving how simple this is for a one um person shop i mean does exactly what i need like,joy,good
ROW00569,CUST0063,2026-08-04 12:48:10,call_transcript,so is there a i mean way to export you know invoices as csv instead of pdf um,neutral,neutral
ROW00570,CUST0409,2026-06-16 09:34:08,survey_feedback,"Ok so still one of the best tools we use day to day, genuinely happy with it.",joy,good
ROW00571,CUST0339,2026-08-07 21:54:15,call_transcript,like wasnt expecting the feature we rely on to just disappear without any notice,surprise,bad
ROW00572,CUST0048,2026-06-04 20:11:57,call_transcript,does the pro plan you know include api access i mean or like do i need the enterprise tier for that,neutral,neutral
ROW00573,CUST0026,2026-04-13 06:40:33,survey_feedback,"Not gonna lie, is my data actually backed up somewhere, im a bit nervous about losing my project files.",fear,bad
ROW00574,CUST0496,2026-03-09 22:27:19,survey_feedback,Ok so the export feature has been broken for a week and support still hasnt replied.,anger,bad
ROW00575,CUST0344,2026-06-27 10:03:26,survey_feedback,"Not gonna lie, kind of bummed they removed the old reporting view, i really relied on that for my weekly standups, just flagging it!",sadness,bad
ROW00576,CUST0555,2026-03-11 03:52:12,call_transcript,is my data actually backed up somewhere im a you know bit nervous about losing my project files,fear,bad
ROW00577,CUST0597,2026-07-10 12:48:38,survey_feedback,"Not gonna lie, a bit concerned about the response times lately, our tickets have been sitting longer than usual, wanted to put that on record.",fear,bad
ROW00578,CUST0712,2026-07-24 19:34:55,call_transcript,just confirming our like seat count before the next billing cycle,neutral,neutral
ROW00579,CUST0687,2026-03-11 09:36:08,call_transcript,checking whether the new update um changes anything for our current like workflow,neutral,neutral
ROW00580,CUST0387,2026-04-22 23:23:48,survey_feedback,"Does the pro plan include api access or do i need the enterprise tier for that, figured id mention it.",neutral,neutral
ROW00581,CUST0353,2026-06-27 04:47:14,survey_feedback,"Were just a little disappointed cause the old template feature got taken away, figured id mention it.",sadness,bad
ROW00582,CUST0263,2026-02-28 22:59:44,survey_feedback,So the whole downgrade flow is designed to be as confusing as possible.,disgust,bad
ROW00583,CUST0313,2026-07-20 08:41:40,survey_feedback,"Ok so didnt expect the migration to go this smoothly, no issues at all.",surprise,good
ROW00584,CUST0233,2026-07-07 17:56:13,call_transcript,whats the difference between the pro you know and enterprise support tiers exactly,neutral,neutral
ROW00585,CUST0189,2026-05-03 14:55:50,survey_feedback,"Not gonna lie, its disappointing watching a tool we used to love slowly stop fitting what we need, wanted to put that on record.",sadness,bad
ROW00586,CUST0658,2026-04-03 20:53:00,call_transcript,so its disappointing watching a tool we used to love slowly stop fitting what uh we like need,sadness,bad
ROW00587,CUST0026,2026-04-14 14:25:03,survey_feedback,"So ive called three times now and nobody's fixed the billing thing, just flagging it!",anger,bad
ROW00588,CUST0708,2026-05-27 17:02:22,call_transcript,did not expect the price to jump that much on renewal nobody mentioned i mean it in the email,surprise,bad
ROW00589,CUST0664,2026-05-18 01:50:40,call_transcript,im nervous the price is going to jump again at the next you know renewal,fear,bad
ROW00590,CUST0417,2026-06-02 02:40:05,survey_feedback,"Honestly, the export feature has been broken for a week and support still hasnt replied.",anger,bad
ROW00591,CUST0296,2026-06-04 18:44:23,survey_feedback,"Not gonna lie, loving how simple this is for a one person shop, does exactly what i need, just flagging it.",joy,good
ROW00592,CUST0502,2026-03-23 07:05:09,survey_feedback,I keep getting charged for seats we already removed weeks ago.,anger,bad
ROW00593,CUST0375,2026-04-24 21:22:46,call_transcript,so the whole um downgrade flow is honestly designed to be as confusing you know as possible,disgust,bad
ROW00594,CUST0002,2026-03-08 01:55:36,call_transcript,the way you buried the cancel button in three different menus uh feels really shady,disgust,bad
ROW00595,CUST0105,2026-05-12 15:34:06,survey_feedback,"Just wanted to say, im worried that if i migrate my data over to the new plan i might lose everything, just flagging it.",fear,bad
ROW00596,CUST0544,2026-02-26 22:41:03,call_transcript,did not expect the price to jump that much on renewal you know nobody mentioned it in the email,surprise,bad
ROW00597,CUST0166,2026-03-11 19:48:02,call_transcript,im uh worried you know this outage means our customer data was exposed somehow,fear,bad
ROW00598,CUST0731,2026-06-30 11:31:57,call_transcript,wasnt expecting our whole you know team honestly to get uh logged out with zero warning during the outage,surprise,bad
ROW00599,CUST0671,2026-07-30 09:05:07,survey_feedback,So the feature we asked about last year still hasnt shown up and weve kind of given up hope.,sadness,bad
ROW00600,CUST0628,2026-07-21 13:50:29,call_transcript,weve had four outages this quarter and every time we call support its a 40 minute um wait,anger,bad
ROW00601,CUST0088,2026-06-06 19:25:05,call_transcript,the onboarding i mean checklist um made getting started genuinely painless,joy,good
ROW00602,CUST0211,2026-07-01 18:47:47,survey_feedback,"Just wanted to say, you keep auto enrolling us in paid add ons we never asked for.",disgust,bad
ROW00603,CUST0287,2026-06-20 11:00:44,survey_feedback,"Not gonna lie, did not expect the price to jump that much on renewal, nobody mentioned it in the email.",surprise,bad
ROW00604,CUST0437,2026-07-27 21:53:43,call_transcript,i mean im concerned we wont be able um to export everything if we ever need to leave,fear,bad
ROW00605,CUST0262,2026-04-13 03:29:01,call_transcript,the uh fine print on the renewal terms feels i mean deliberately misleading,disgust,bad
ROW00606,CUST0339,2026-07-27 01:37:05,survey_feedback,"Im worried this outage means our customer data was exposed somehow, just flagging it.",fear,bad
ROW00607,CUST0264,2026-03-14 20:38:35,survey_feedback,"Not gonna lie, i keep getting charged for seats we already removed weeks ago, wanted to put that on record.",anger,bad
ROW00608,CUST0623,2026-07-30 00:24:09,survey_feedback,"Honestly, im scared we're going to lose our historical reports if we switch plans, wanted to put that on record.",fear,bad
ROW00609,CUST0138,2026-08-13 03:46:58,survey_feedback,"Not gonna lie, im not confident the new permissions setup is actually secure, wanted to put that on record.",fear,bad
ROW00610,CUST0707,2026-07-29 20:48:17,survey_feedback,"Not gonna lie, did not expect the price to jump that much on renewal, nobody mentioned it in the email, figured id mention it.",surprise,bad
ROW00611,CUST0581,2026-02-23 05:00:55,call_transcript,im not you know confident the new like permissions i mean setup is actually secure,fear,bad
ROW00612,CUST0418,2026-07-15 21:37:07,call_transcript,wasnt expecting our i mean whole team to get logged out with zero warning during the outage,surprise,bad
ROW00613,CUST0557,2026-05-04 00:24:04,call_transcript,kind of bummed they you know removed the old reporting view honestly i really um relied on that for my weekly standups,sadness,bad
ROW00614,CUST0254,2026-06-30 05:00:10,call_transcript,havent really had time to honestly dig into the new features still um just using it for the basics uh,neutral,neutral
ROW00615,CUST0387,2026-07-06 19:21:13,survey_feedback,"So the mobile app finally works flawlessly even with our full dataset loaded, figured id mention it.",joy,good
ROW00616,CUST0179,2026-04-21 17:30:12,survey_feedback,"Ok so not much to report this month, usage has been about the same as usual!",neutral,neutral
ROW00617,CUST0422,2026-07-04 18:48:16,call_transcript,so teams still using it but adoption across like departments has been slower than we hoped,neutral,neutral
ROW00618,CUST0187,2026-05-04 01:32:30,survey_feedback,So is there a way to export invoices as csv instead of pdf.,neutral,neutral
ROW00619,CUST0229,2026-03-07 17:48:54,call_transcript,teams honestly still using um it but adoption across departments has been slower than we like hoped,neutral,neutral
ROW00620,CUST0271,2026-07-28 10:41:44,call_transcript,you sell our usage data to third parties without making that clear uh anywhere,disgust,bad
ROW00621,CUST0515,2026-03-04 17:09:05,call_transcript,so you guys charged me twice this month and nobody on chat could explain why like,anger,bad
ROW00622,CUST0663,2026-04-14 13:21:13,call_transcript,i mean whats the difference between the pro and enterprise like support um tiers exactly,neutral,neutral
ROW00623,CUST0036,2026-06-28 23:19:40,survey_feedback,"Quick note, didnt realize the free trial would auto convert without reminding us first, wanted to put that on record.",surprise,bad
ROW00624,CUST0585,2026-03-11 19:00:02,call_transcript,the free trial i mean silently converted to a paid plan without any reminder,disgust,bad
ROW00625,CUST0429,2026-08-04 04:01:50,call_transcript,we really wanted this to you know work out it just didnt like end um up being the right fit,sadness,bad
ROW00626,CUST0411,2026-07-25 14:34:59,survey_feedback,"So im worried this outage means our customer data was exposed somehow, figured id mention it.",fear,bad
ROW00627,CUST0472,2026-03-26 21:42:41,survey_feedback,"Honestly, still one of the best tools we use day to day, genuinely happy with it, wanted to put that on record.",joy,good
ROW00628,CUST0185,2026-07-24 19:09:45,call_transcript,so whats the um difference honestly between the pro and enterprise support tiers exactly you know,neutral,neutral
ROW00629,CUST0676,2026-05-03 17:03:42,call_transcript,you guys charged you know me twice this month and nobody on chat could explain why um,anger,bad
ROW00630,CUST0027,2026-07-13 11:53:52,survey_feedback,"Support keeps closing my ticket without actually fixing anything, wanted to put that on record!",anger,bad
ROW00631,CUST0452,2026-07-25 12:21:30,call_transcript,honestly didnt um expect the migration like to go this smoothly no issues at all,surprise,good
ROW00632,CUST0616,2026-07-06 08:03:24,call_transcript,so the redesigned reporting view um is you know so honestly much easier to read than before,joy,good
ROW00633,CUST0118,2026-07-02 15:07:22,survey_feedback,"Ok so finally managed to cancel after 20 minutes of being redirected between pages, wanted to put that on record.",anger,bad
ROW00634,CUST0711,2026-06-21 09:55:07,survey_feedback,"Just wanted to say, did not expect the price to jump that much on renewal, nobody mentioned it in the email, wanted to put that on record.",surprise,bad
ROW00635,CUST0744,2026-04-02 08:28:38,survey_feedback,"We tried to make it work but it just doesnt fit our workflow anymore, sorry to go, figured id mention it!",sadness,bad
ROW00636,CUST0504,2026-05-20 10:19:07,call_transcript,so finally like managed to cancel after 20 honestly minutes of being redirected between pages,anger,bad
ROW00637,CUST0445,2026-02-22 08:04:41,call_transcript,so can someone honestly confirm if our renewal date um changed before next quarter like,neutral,neutral
ROW00638,CUST0187,2026-08-16 18:06:16,survey_feedback,"Its disappointing watching a tool we used to love slowly stop fitting what we need, just flagging it.",sadness,bad
ROW00639,CUST0344,2026-06-22 12:57:51,survey_feedback,So can someone confirm if our renewal date changed before next quarter!,neutral,neutral
ROW00640,CUST0373,2026-02-23 07:50:36,survey_feedback,"So im nervous the price is going to jump again at the next renewal, just flagging it.",fear,bad
ROW00641,CUST0023,2026-07-05 23:16:46,call_transcript,you keep auto enrolling i mean us in paid add ons we um never like asked for,disgust,bad
ROW00642,CUST0661,2026-07-05 18:46:40,call_transcript,so five years in and still uh our go to platform genuinely happy honestly with how its you know evolved,joy,good
ROW00643,CUST0250,2026-03-15 22:00:29,call_transcript,didnt uh expect the migration to go this smoothly no i mean issues at all honestly,surprise,good
ROW00644,CUST0045,2026-08-13 14:04:51,survey_feedback,Ok so the onboarding checklist made getting started genuinely painless!,joy,good
ROW00645,CUST0631,2026-05-14 14:38:13,call_transcript,honestly im nervous the price is like going to jump again at the next renewal,fear,bad
ROW00646,CUST0482,2026-08-17 10:32:56,survey_feedback,"Ok so the free trial silently converted to a paid plan without any reminder, just flagging it.",disgust,bad
ROW00647,CUST0605,2026-04-15 16:57:04,survey_feedback,"So havent really had time to dig into the new features, still just using it for the basics, figured id mention it.",neutral,neutral
ROW00648,CUST0613,2026-04-05 23:24:45,survey_feedback,Ok so support walked me through the backup settings and now i feel a lot better about it.,joy,good
ROW00649,CUST0628,2026-02-28 14:54:42,call_transcript,so ive called three you know times now and nobody's fixed uh the billing thing,anger,bad
ROW00650,CUST0471,2026-04-06 08:11:37,survey_feedback,"Just wanted to say, still one of the best tools we use day to day, genuinely happy with it, just flagging it.",joy,good
ROW00651,CUST0187,2026-07-29 05:52:56,call_transcript,whats um the difference between the pro and enterprise support tiers exactly like,neutral,neutral
ROW00652,CUST0240,2026-07-28 10:24:13,survey_feedback,"Not gonna lie, did not realize the new plan tier included that feature for free, pleasantly surprised.",surprise,good
ROW00653,CUST0158,2026-05-06 12:01:08,call_transcript,kind of bummed they removed the old reporting view i really relied on that like for my weekly standups,sadness,bad
ROW00654,CUST0239,2026-06-03 17:05:05,call_transcript,checking whether the like new update changes anything for our you know current uh workflow,neutral,neutral
ROW00655,CUST0147,2026-06-25 21:05:47,survey_feedback,"So the whole downgrade flow is designed to be as confusing as possible, just flagging it.",disgust,bad
ROW00656,CUST0199,2026-03-19 09:50:20,survey_feedback,The integration broke after your last update and nobody warned us it was coming.,anger,bad
ROW00657,CUST0428,2026-07-19 06:03:59,survey_feedback,"Not gonna lie, still kind of missing the old templates, weve just been doing things manually since, just flagging it.",sadness,bad
ROW00658,CUST0629,2026-03-03 22:06:30,survey_feedback,"Honestly, support tried to guilt trip me into staying instead of just helping me cancel.",disgust,bad
ROW00659,CUST0490,2026-03-12 19:37:02,call_transcript,im concerned we wont be able to export everything if we ever need like to leave,fear,bad
ROW00660,CUST0594,2026-03-25 20:30:06,call_transcript,so wasnt expecting our whole team to get logged out with zero warning during um the honestly outage,surprise,bad
ROW00661,CUST0510,2026-03-11 05:48:24,call_transcript,the free trial silently converted to um a paid plan without i mean any reminder,disgust,bad
ROW00662,CUST0260,2026-05-25 10:10:20,survey_feedback,"Just wanted to say, we really wanted this to work out, it just didnt end up being the right fit.",sadness,bad
ROW00663,CUST0636,2026-05-19 07:20:52,survey_feedback,So switching from spreadsheets to this has saved our whole team hours every week.,joy,good
ROW00664,CUST0277,2026-08-17 15:28:28,call_transcript,not sure what you know happens to uh our account if the payment fails um again next month,fear,bad
ROW00665,CUST0572,2026-04-26 19:22:50,survey_feedback,"Just wanted to say, im nervous the price is going to jump again at the next renewal.",fear,bad
ROW00666,CUST0222,2026-03-24 01:37:07,call_transcript,so we really wanted honestly this to work out it just didnt end up being the right fit,sadness,bad
ROW00667,CUST0502,2026-03-01 12:35:34,call_transcript,is my data actually backed up somewhere im a um bit nervous about losing my project files,fear,bad
ROW00668,CUST0591,2026-08-09 11:20:09,survey_feedback,Ok so wondering if the api has a sandbox environment for testing.,neutral,neutral
ROW00669,CUST0104,2026-05-13 23:34:09,call_transcript,so kind of sad our whole team has just quietly stopped using half the features we used to love i mean,sadness,bad
ROW00670,CUST0678,2026-03-04 15:27:06,call_transcript,i mean wasnt expecting our whole team to get logged out with zero warning during the outage,surprise,bad
ROW00671,CUST0380,2026-06-06 02:45:05,call_transcript,um the new integration took five minutes to set up and i mean just worked,joy,good
ROW00672,CUST0154,2026-08-20 04:23:54,call_transcript,im nervous the price i mean is going to jump again at the you know next renewal,fear,bad
ROW00673,CUST0510,2026-04-22 10:50:10,survey_feedback,"Honestly, the new integration took five minutes to set up and just worked, just flagging it.",joy,good
ROW00674,CUST0179,2026-08-03 18:08:20,survey_feedback,"Not gonna lie, not sure what happens to our account if the payment fails again next month.",fear,bad
ROW00675,CUST0250,2026-04-21 06:12:42,survey_feedback,"Honestly, not sure what happens to our account if the payment fails again next month, just flagging it.",fear,bad
ROW00676,CUST0399,2026-07-06 11:51:47,call_transcript,like your api honestly rate limit is um blocking our entire workflow during our busiest hours,anger,bad
ROW00677,CUST0228,2026-05-17 03:50:59,call_transcript,uh my card was declined and it locked me i mean out of my own account for a whole day,anger,bad
ROW00678,CUST0671,2026-07-04 06:45:28,survey_feedback,The export feature has been broken for a week and support still hasnt replied.,anger,bad
ROW00679,CUST0544,2026-08-12 09:32:22,survey_feedback,"Ok so did not expect the price to jump that much on renewal, nobody mentioned it in the email.",surprise,bad
ROW00680,CUST0662,2026-07-04 19:38:07,call_transcript,so support tried to guilt trip me into staying like instead of just helping me cancel honestly,disgust,bad
ROW00681,CUST0527,2026-03-02 13:08:13,call_transcript,not much to report this month you know usage has been about the same honestly as usual,neutral,neutral
ROW00682,CUST0210,2026-03-17 22:23:33,survey_feedback,"So the fine print on the renewal terms feels deliberately misleading, figured id mention it.",disgust,bad
ROW00683,CUST0551,2026-04-26 08:05:43,survey_feedback,"Quick note, wasnt expecting the feature we rely on to just disappear without any notice.",surprise,bad
ROW00684,CUST0404,2026-07-11 23:46:02,survey_feedback,"Not gonna lie, kind of sad our whole team has just quietly stopped using half the features we used to love, just flagging it.",sadness,bad
ROW00685,CUST0404,2026-03-14 12:16:34,call_transcript,the onboarding checklist honestly made getting um started genuinely painless,joy,good
ROW00686,CUST0344,2026-03-11 21:16:38,call_transcript,so kind of sad our whole team i mean has just quietly stopped using half um the features we used to love,sadness,bad
ROW00687,CUST0643,2026-04-19 08:47:59,call_transcript,honestly we just stopped seeing the point of it i mean kind of sad it didnt work out for honestly us in the like end,sadness,bad
ROW00688,CUST0346,2026-03-14 10:30:47,survey_feedback,"Quick note, does the pro plan include api access or do i need the enterprise tier for that, figured id mention it.",neutral,neutral
ROW00689,CUST0276,2026-07-29 16:49:13,call_transcript,the fine print on the renewal terms feels like deliberately misleading,disgust,bad
ROW00690,CUST0475,2026-03-03 23:51:09,call_transcript,can someone confirm i mean if our renewal honestly date changed before next quarter,neutral,neutral
ROW00691,CUST0018,2026-03-09 10:50:26,call_transcript,i mean didnt expect the migration you know to like go this smoothly no issues at all,surprise,good
ROW00692,CUST0691,2026-07-30 10:37:49,survey_feedback,"Not gonna lie, you sell our usage data to third parties without making that clear anywhere, wanted to put that on record!",disgust,bad
ROW00693,CUST0158,2026-07-29 16:34:15,call_transcript,can someone confirm if honestly our uh renewal date changed before next quarter,neutral,neutral
ROW00694,CUST0744,2026-07-14 12:48:41,call_transcript,so finally managed to i mean cancel after 20 honestly minutes of being like redirected between pages,anger,bad
ROW00695,CUST0746,2026-06-27 18:41:37,survey_feedback,"So im not confident the new permissions setup is actually secure, wanted to put that on record.",fear,bad
ROW00696,CUST0356,2026-03-07 21:43:37,survey_feedback,"Ok so five years in and still our go to platform, genuinely happy with how its evolved, just flagging it.",joy,good
ROW00697,CUST0613,2026-06-17 10:53:55,call_transcript,so kind of sad our whole uh team has just quietly stopped using half the features we used to love,sadness,bad
ROW00698,CUST0615,2026-03-03 18:34:30,call_transcript,im like scared we're going to lose our historical uh reports if we switch plans,fear,bad
ROW00699,CUST0738,2026-08-05 22:29:37,call_transcript,so were just like a little disappointed um cause the old template feature honestly got taken away,sadness,bad
ROW00700,CUST0386,2026-08-03 18:05:08,call_transcript,finally like managed to cancel after 20 minutes i mean of being redirected between pages uh,anger,bad
ROW00701,CUST0749,2026-02-25 04:13:04,call_transcript,support tried to guilt trip me into staying instead i mean of just helping me cancel,disgust,bad
ROW00702,CUST0261,2026-08-12 16:27:49,call_transcript,didnt expect the migration to go um this smoothly no issues at all honestly,surprise,good
ROW00703,CUST0451,2026-08-01 06:44:22,call_transcript,so checking whether the new update changes you know anything for our current workflow,neutral,neutral
ROW00704,CUST0398,2026-07-04 17:16:46,call_transcript,im like not confident the new permissions setup is actually secure,fear,bad
ROW00705,CUST0720,2026-04-07 23:22:15,survey_feedback,Ok so your api rate limit is blocking our entire workflow during our busiest hours.,anger,bad
ROW00706,CUST0142,2026-07-14 00:52:53,call_transcript,so kind of sad um our whole team has just quietly stopped using half the features we used to love,sadness,bad
ROW00707,CUST0515,2026-04-16 14:40:33,call_transcript,uh whats the difference between the pro um and enterprise support tiers exactly,neutral,neutral
ROW00708,CUST0422,2026-06-11 08:38:27,survey_feedback,"Ok so our compliance team is asking about your data retention policy and i dont have answers, figured id mention it.",fear,bad
ROW00709,CUST0006,2026-03-24 09:21:06,survey_feedback,"Just wanted to say, the way you buried the cancel button in three different menus feels really shady, figured id mention it.",disgust,bad
ROW00710,CUST0622,2026-04-08 05:17:14,call_transcript,so not much to report this um month usage has been about the same as usual,neutral,neutral
ROW00711,CUST0394,2026-07-30 03:08:40,call_transcript,so my card was declined and it locked me i mean out of my own account for a whole day,anger,bad
ROW00712,CUST0461,2026-06-21 12:00:27,call_transcript,so not sure what like happens to our account if um the payment fails again next month,fear,bad
ROW00713,CUST0180,2026-06-03 04:07:42,call_transcript,five years in and um still you know our go to platform genuinely happy with how its evolved like,joy,good
ROW00714,CUST0483,2026-04-03 21:25:44,survey_feedback,"Just wanted to say, the fine print on the renewal terms feels deliberately misleading, just flagging it.",disgust,bad
ROW00715,CUST0459,2026-06-01 01:01:39,call_transcript,im i mean nervous the honestly price is going to jump again at the next renewal,fear,bad
ROW00716,CUST0021,2026-03-28 10:16:55,call_transcript,so im not confident the new permissions uh setup is actually secure,fear,bad
ROW00717,CUST0396,2026-07-06 13:16:13,call_transcript,wasnt like expecting our whole honestly team to get logged out with zero warning during the outage,surprise,bad
ROW00718,CUST0704,2026-05-06 12:56:20,call_transcript,so you guys charged me twice this month and nobody on you know chat could explain why,anger,bad
ROW00719,CUST0641,2026-07-20 06:50:20,survey_feedback,"Just wanted to say, not much to report this month, usage has been about the same as usual.",neutral,neutral
ROW00720,CUST0568,2026-05-26 15:14:36,survey_feedback,Does the pro plan include api access or do i need the enterprise tier for that.,neutral,neutral
ROW00721,CUST0501,2026-03-21 13:43:15,survey_feedback,"Ok so the export feature has been broken for a week and support still hasnt replied, wanted to put that on record.",anger,bad
ROW00722,CUST0735,2026-06-11 12:06:37,call_transcript,finally managed to cancel after 20 minutes of being redirected uh between pages,anger,bad
ROW00723,CUST0401,2026-06-10 06:45:33,call_transcript,just confirming our seat count before you know the next billing cycle,neutral,neutral
ROW00724,CUST0572,2026-02-28 12:40:33,survey_feedback,"Still one of the best tools we use day to day, genuinely happy with it.",joy,good
ROW00725,CUST0202,2026-02-27 23:04:56,call_transcript,uh wasnt expecting support to respond this fast on a weekend really impressed,surprise,good
ROW00726,CUST0735,2026-05-12 15:25:49,survey_feedback,"Quick note, were just a little disappointed cause the old template feature got taken away, figured id mention it.",sadness,bad
ROW00727,CUST0169,2026-03-11 18:05:05,survey_feedback,Ok so im worried that if i migrate my data over to the new plan i might lose everything!,fear,bad
ROW00728,CUST0196,2026-05-05 23:56:23,survey_feedback,"The marketing emails dont stop no matter how many times i unsubscribe, figured id mention it.",disgust,bad
ROW00729,CUST0414,2026-04-11 22:05:42,call_transcript,im not honestly confident the new permissions setup is actually secure,fear,bad
ROW00730,CUST0607,2026-04-13 07:13:01,survey_feedback,"Just wanted to say, its fine, does what we need i guess, figured id mention it.",neutral,neutral
ROW00731,CUST0346,2026-08-14 01:48:00,call_transcript,im worried this outage i mean means our customer data was exposed somehow,fear,bad
ROW00732,CUST0149,2026-03-26 23:59:54,call_transcript,the whole downgrade flow is designed like to be as confusing as possible,disgust,bad
ROW00733,CUST0412,2026-08-21 04:11:07,survey_feedback,"Ok so didnt realize the free trial would auto convert without reminding us first, figured id mention it.",surprise,bad
ROW00734,CUST0591,2026-07-06 23:09:49,call_transcript,didnt honestly expect the uh migration to go this smoothly no issues at you know all,surprise,good
ROW00735,CUST0634,2026-06-04 16:05:52,survey_feedback,"Quick note, five years in and still our go to platform, genuinely happy with how its evolved.",joy,good
ROW00736,CUST0148,2026-07-31 21:53:10,survey_feedback,"Honestly, a bit concerned about the response times lately, our tickets have been sitting longer than usual.",fear,bad
ROW00737,CUST0631,2026-05-21 12:31:36,call_transcript,uh switching from spreadsheets to this has saved our whole team hours every week,joy,good
ROW00738,CUST0630,2026-03-03 12:40:33,survey_feedback,"Quick note, the feature we asked about last year still hasnt shown up and weve kind of given up hope, wanted to put that on record!",sadness,bad
ROW00739,CUST0644,2026-07-20 17:02:11,call_transcript,we tried to make it work but it just honestly doesnt fit our workflow anymore you know sorry to go,sadness,bad
ROW00740,CUST0650,2026-03-12 20:22:31,call_transcript,i mean did not expect the price to jump um that much on renewal honestly nobody mentioned it in the email,surprise,bad
ROW00741,CUST0110,2026-08-05 06:38:00,call_transcript,so your api rate limit uh is blocking our entire workflow during our busiest hours,anger,bad
ROW00742,CUST0603,2026-05-18 08:10:04,call_transcript,wanted to ask if theres a bulk um import option for existing records,neutral,neutral
ROW00743,CUST0166,2026-07-10 02:32:42,call_transcript,you know honestly we just stopped seeing the point of it kind of sad it didnt work out for us in the end,sadness,bad
ROW00744,CUST0192,2026-05-13 01:03:39,survey_feedback,Ok so its disappointing watching a tool we used to love slowly stop fitting what we need.,sadness,bad
ROW00745,CUST0518,2026-07-15 18:31:40,call_transcript,your like api rate limit is blocking our entire workflow during our busiest hours i mean,anger,bad
ROW00746,CUST0244,2026-02-28 15:39:16,call_transcript,the whole downgrade flow is designed i mean to honestly be as confusing as possible,disgust,bad
ROW00747,CUST0085,2026-06-07 20:58:17,call_transcript,you know we tried to make it work but it just doesnt fit our workflow anymore sorry to go,sadness,bad
ROW00748,CUST0516,2026-03-25 07:59:36,call_transcript,so im worried that if i migrate my data over to you know the new plan i might lose everything,fear,bad
ROW00749,CUST0149,2026-05-14 12:06:06,call_transcript,honestly we um just stopped seeing the point of it kind of sad it didnt work out for us in the end,sadness,bad
ROW00750,CUST0361,2026-03-31 16:04:58,survey_feedback,"Just wanted to say, ive called three times now and nobody's fixed the billing thing, wanted to put that on record.",anger,bad
ROW00751,CUST0083,2026-04-02 15:08:17,call_transcript,you guys charged me twice this month and nobody you know on chat could explain why,anger,bad
ROW00752,CUST0502,2026-04-26 11:03:56,call_transcript,so the whole downgrade flow you know is designed to be as confusing as possible,disgust,bad
ROW00753,CUST0350,2026-06-13 01:24:53,call_transcript,customer support read from a script the entire time and never actually um listened,disgust,bad
ROW00754,CUST0257,2026-05-14 10:24:34,call_transcript,did not realize the i mean new plan you know tier included that feature for free pleasantly surprised uh,surprise,good
ROW00755,CUST0610,2026-03-16 23:05:23,call_transcript,wasnt expecting our whole team to get logged out you know with zero warning during the outage,surprise,bad
ROW00756,CUST0689,2026-05-04 01:19:31,call_transcript,so its fine does honestly what um we need i i mean guess,neutral,neutral
ROW00757,CUST0163,2026-05-17 02:59:06,survey_feedback,"Honestly, wasnt expecting support to respond this fast on a weekend, really impressed, just flagging it.",surprise,good
ROW00758,CUST0515,2026-06-09 08:27:33,survey_feedback,"Just wanted to say, i had to explain the same issue to three different agents and got nowhere, figured id mention it.",anger,bad
ROW00759,CUST0656,2026-07-11 14:59:25,survey_feedback,"Wasnt expecting the feature we rely on to just disappear without any notice, wanted to put that on record.",surprise,bad
ROW00760,CUST0551,2026-07-05 12:52:44,survey_feedback,"Your api rate limit is blocking our entire workflow during our busiest hours, figured id mention it!",anger,bad
ROW00761,CUST0583,2026-04-03 00:06:56,survey_feedback,"Can someone confirm if our renewal date changed before next quarter, just flagging it.",neutral,neutral
ROW00762,CUST0502,2026-05-26 17:33:39,survey_feedback,"Just wanted to say, not sure what happens to our account if the payment fails again next month, figured id mention it!",fear,bad
ROW00763,CUST0616,2026-04-05 10:01:14,call_transcript,so the integration broke after your last update um and nobody warned us it was coming,anger,bad
ROW00764,CUST0173,2026-05-31 00:07:12,call_transcript,the free trial silently converted you know to a like paid plan without any reminder honestly,disgust,bad
ROW00765,CUST0604,2026-03-14 02:30:53,survey_feedback,"Honestly, im not confident the new permissions setup is actually secure, figured id mention it!",fear,bad
ROW00766,CUST0199,2026-06-03 16:10:00,call_transcript,im you know scared we're going to lose our historical reports if we switch plans,fear,bad
ROW00767,CUST0130,2026-07-13 11:32:00,call_transcript,support um keeps closing my ticket without actually fixing anything,anger,bad
ROW00768,CUST0431,2026-07-17 09:34:27,survey_feedback,"Ok so kind of bummed they removed the old reporting view, i really relied on that for my weekly standups, wanted to put that on record!",sadness,bad
ROW00769,CUST0454,2026-06-24 22:39:12,survey_feedback,"So support walked me through the backup settings and now i feel a lot better about it, just flagging it.",joy,good
ROW00770,CUST0541,2026-04-29 06:21:19,survey_feedback,"Honestly, is my data actually backed up somewhere, im a bit nervous about losing my project files!",fear,bad
ROW00771,CUST0147,2026-08-11 23:56:46,call_transcript,so your api rate limit is like blocking our entire workflow during our busiest you know hours,anger,bad
ROW00772,CUST0487,2026-04-23 14:58:47,survey_feedback,"Quick note, wasnt expecting our whole team to get logged out with zero warning during the outage, just flagging it.",surprise,bad
ROW00773,CUST0297,2026-05-01 23:18:53,call_transcript,honestly we i mean just stopped seeing the point of it you know kind of sad it didnt work out for honestly us in the end,sadness,bad
ROW00774,CUST0125,2026-07-11 06:07:31,survey_feedback,"Quick note, you keep auto enrolling us in paid add ons we never asked for.",disgust,bad
ROW00775,CUST0629,2026-05-01 18:49:13,survey_feedback,"Not gonna lie, were just a little disappointed cause the old template feature got taken away, figured id mention it.",sadness,bad
ROW00776,CUST0558,2026-05-11 14:24:30,call_transcript,so im worried that if i like migrate my data over to the new plan i might lose everything,fear,bad
ROW00777,CUST0597,2026-05-01 00:11:36,call_transcript,our compliance team is asking about your data retention i mean policy and i dont um have uh answers,fear,bad
ROW00778,CUST0583,2026-03-14 15:43:05,survey_feedback,"Honestly, you sell our usage data to third parties without making that clear anywhere.",disgust,bad
ROW00779,CUST0210,2026-07-22 17:00:21,call_transcript,the redesigned reporting view you know is so much easier to i mean read than before,joy,good
ROW00780,CUST0690,2026-04-15 02:06:25,call_transcript,we tried to i mean make it work but it just doesnt fit uh our workflow um anymore sorry to go,sadness,bad
ROW00781,CUST0011,2026-07-07 00:08:49,survey_feedback,"Honestly, didnt expect the migration to go this smoothly, no issues at all, figured id mention it.",surprise,good
ROW00782,CUST0252,2026-06-16 06:52:02,survey_feedback,"Honestly, five years in and still our go to platform, genuinely happy with how its evolved.",joy,good
ROW00783,CUST0283,2026-07-17 12:07:46,call_transcript,so the marketing emails honestly dont stop uh no matter how many times i unsubscribe,disgust,bad
ROW00784,CUST0079,2026-07-01 22:46:16,call_transcript,its you know disappointing watching a tool we used to love slowly stop fitting what we need,sadness,bad
ROW00785,CUST0340,2026-06-26 04:42:46,call_transcript,i mean didnt realize the free trial would auto convert without reminding us first,surprise,bad
ROW00786,CUST0311,2026-07-27 17:10:57,call_transcript,so you keep auto enrolling us like in paid honestly add ons we never you know asked for,disgust,bad
ROW00787,CUST0684,2026-04-12 13:38:25,call_transcript,so our compliance team um is asking about your data retention policy and i i mean dont have answers uh,fear,bad
ROW00788,CUST0161,2026-07-01 07:45:38,survey_feedback,"So does the pro plan include api access or do i need the enterprise tier for that, just flagging it.",neutral,neutral
ROW00789,CUST0705,2026-07-25 07:40:41,survey_feedback,"Quick note, im concerned we wont be able to export everything if we ever need to leave, figured id mention it.",fear,bad
ROW00790,CUST0015,2026-08-11 07:45:25,call_transcript,uh we really wanted this to work out it just didnt end up being like the right fit,sadness,bad
ROW00791,CUST0650,2026-08-03 06:30:07,call_transcript,so the whole downgrade flow is designed to be as confusing as possible honestly,disgust,bad
ROW00792,CUST0210,2026-05-28 07:08:09,survey_feedback,"Just wanted to say, the feature we asked about last year still hasnt shown up and weve kind of given up hope, wanted to put that on record.",sadness,bad
ROW00793,CUST0215,2026-07-12 19:47:20,survey_feedback,"Just wanted to say, your team fixed my ticket within an hour, way faster than i expected, wanted to put that on record.",joy,good
ROW00794,CUST0268,2026-06-20 12:22:40,call_transcript,so im um concerned we wont be able to export everything if we ever need to leave,fear,bad
ROW00795,CUST0505,2026-07-27 14:45:12,call_transcript,honestly still one of the like best tools we use day to day genuinely happy with um it,joy,good
ROW00796,CUST0517,2026-06-10 07:50:24,survey_feedback,"Not gonna lie, support tried to guilt trip me into staying instead of just helping me cancel, just flagging it.",disgust,bad
ROW00797,CUST0328,2026-04-08 15:06:43,survey_feedback,"So you keep auto enrolling us in paid add ons we never asked for, figured id mention it.",disgust,bad
ROW00798,CUST0749,2026-03-12 15:19:06,call_transcript,wasnt expecting the feature um we uh rely on to just disappear without any notice,surprise,bad
ROW00799,CUST0056,2026-04-25 22:14:21,survey_feedback,"Just wanted to say, the redesigned reporting view is so much easier to read than before, wanted to put that on record!",joy,good
ROW00800,CUST0191,2026-02-28 02:04:16,survey_feedback,"Im worried that if i migrate my data over to the new plan i might lose everything, figured id mention it!",fear,bad
ROW00801,CUST0564,2026-05-01 00:05:53,call_transcript,so does the pro plan include api access or do i um need the enterprise tier for that you know,neutral,neutral
ROW00802,CUST0037,2026-03-30 17:04:01,survey_feedback,"Ok so you sell our usage data to third parties without making that clear anywhere, just flagging it.",disgust,bad
ROW00803,CUST0076,2026-05-30 23:26:52,call_transcript,support tried like to guilt trip me into um staying instead of just helping me cancel,disgust,bad
ROW00804,CUST0552,2026-03-20 07:15:16,call_transcript,didnt expect the migration uh to go this smoothly no issues at all i mean,surprise,good
ROW00805,CUST0438,2026-05-15 04:22:41,survey_feedback,"Support keeps closing my ticket without actually fixing anything, just flagging it!",anger,bad
ROW00806,CUST0490,2026-07-18 12:50:11,call_transcript,does the pro plan include honestly api access or do i like need uh the enterprise tier for that,neutral,neutral
ROW00807,CUST0319,2026-04-22 15:57:57,call_transcript,customer support read from a script the entire time and never actually honestly listened,disgust,bad
ROW00808,CUST0461,2026-05-17 04:40:36,survey_feedback,"So my card was declined and it locked me out of my own account for a whole day, figured id mention it!",anger,bad
ROW00809,CUST0123,2026-06-05 04:16:29,call_transcript,so you keep auto enrolling i mean us in paid add ons we never asked um for,disgust,bad
ROW00810,CUST0281,2026-06-19 22:18:57,survey_feedback,"So im concerned we wont be able to export everything if we ever need to leave, figured id mention it.",fear,bad
ROW00811,CUST0677,2026-03-16 10:54:25,call_transcript,so were just a little disappointed cause the old template feature um got taken away,sadness,bad
ROW00812,CUST0163,2026-05-11 17:26:22,survey_feedback,"Quick note, the free trial silently converted to a paid plan without any reminder, figured id mention it.",disgust,bad
ROW00813,CUST0046,2026-05-06 15:25:16,call_transcript,its fine does what we need um i guess,neutral,neutral
ROW00814,CUST0276,2026-03-31 11:55:50,call_transcript,did not expect you know the new integration to be this easy to set up honestly impressed,surprise,good
ROW00815,CUST0361,2026-05-12 11:51:05,survey_feedback,"Ok so didnt expect the migration to go this smoothly, no issues at all, just flagging it.",surprise,good
ROW00816,CUST0234,2026-06-20 18:48:37,survey_feedback,"Quick note, you keep auto enrolling us in paid add ons we never asked for, figured id mention it!",disgust,bad
ROW00817,CUST0692,2026-08-14 16:28:04,call_transcript,so im nervous the price is going to jump again at um the next renewal,fear,bad
ROW00818,CUST0451,2026-03-12 08:09:09,call_transcript,im not um confident the new honestly permissions i mean setup is actually secure,fear,bad
ROW00819,CUST0218,2026-04-26 01:25:46,call_transcript,so just confirming our seat count before the um next like billing uh cycle,neutral,neutral
ROW00820,CUST0138,2026-06-10 14:11:56,call_transcript,the mobile app finally works uh flawlessly even with i mean our full dataset loaded,joy,good
ROW00821,CUST0218,2026-05-05 14:43:36,call_transcript,so kind of bummed they removed the like old reporting uh view i really relied on that for my weekly you know standups,sadness,bad
ROW00822,CUST0113,2026-04-17 03:11:11,call_transcript,switching from spreadsheets to this honestly has saved our whole team hours every week,joy,good
ROW00823,CUST0022,2026-03-18 15:53:28,survey_feedback,"The free trial silently converted to a paid plan without any reminder, figured id mention it.",disgust,bad
ROW00824,CUST0312,2026-05-25 11:20:48,call_transcript,didnt expect the migration to go this um smoothly no issues at all,surprise,good
ROW00825,CUST0535,2026-04-24 13:37:35,call_transcript,five years in and i mean still our go to platform genuinely happy with how its evolved,joy,good
ROW00826,CUST0095,2026-04-18 23:40:52,survey_feedback,"Honestly, not sure what happens to our account if the payment fails again next month.",fear,bad
ROW00827,CUST0474,2026-03-06 03:25:57,call_transcript,so wasnt um expecting our whole team to get logged out with zero warning during the outage,surprise,bad
ROW00828,CUST0382,2026-07-16 01:15:44,survey_feedback,"Honestly, we lost two days of data during the migration and support took way too long to respond.",anger,bad
ROW00829,CUST0130,2026-08-01 05:21:18,call_transcript,switching from spreadsheets you know to this has saved our whole team hours every week,joy,good
ROW00830,CUST0502,2026-07-28 16:22:44,survey_feedback,"Quick note, ive called three times now and nobody's fixed the billing thing, figured id mention it.",anger,bad
ROW00831,CUST0024,2026-04-17 22:37:34,call_transcript,a bit concerned about the response times um lately our tickets have been sitting longer like than usual,fear,bad
ROW00832,CUST0547,2026-07-24 17:30:25,survey_feedback,"Is my data actually backed up somewhere, im a bit nervous about losing my project files, just flagging it.",fear,bad
ROW00833,CUST0697,2026-07-16 07:12:28,survey_feedback,"Kind of sad our whole team has just quietly stopped using half the features we used to love, figured id mention it.",sadness,bad
ROW00834,CUST0225,2026-07-02 08:26:29,survey_feedback,"So the account manager checked in on us again today, really appreciate how proactive support has been.",joy,good
ROW00835,CUST0277,2026-06-11 18:24:19,call_transcript,i had to explain the same issue um to three different agents and got nowhere,anger,bad
ROW00836,CUST0612,2026-03-24 16:17:43,call_transcript,like not much to you know report this month usage has been about the same as usual,neutral,neutral
ROW00837,CUST0542,2026-05-18 02:48:07,call_transcript,did not expect the new integration uh to be this easy to set up honestly impressed,surprise,good
ROW00838,CUST0006,2026-04-01 14:51:20,survey_feedback,Ok so ive called three times now and nobody's fixed the billing thing.,anger,bad
ROW00839,CUST0314,2026-05-13 10:28:16,survey_feedback,"Ok so wasnt expecting our whole team to get logged out with zero warning during the outage, figured id mention it.",surprise,bad
ROW00840,CUST0538,2026-06-21 04:44:54,survey_feedback,"The new integration took five minutes to set up and just worked, figured id mention it.",joy,good
ROW00841,CUST0506,2026-04-25 17:54:44,survey_feedback,"So kind of bummed they removed the old reporting view, i really relied on that for my weekly standups, just flagging it.",sadness,bad
ROW00842,CUST0122,2026-03-12 17:01:24,survey_feedback,"Just wanted to say, didnt expect the migration to go this smoothly, no issues at all.",surprise,good
ROW00843,CUST0572,2026-04-01 16:57:40,call_transcript,your team fixed honestly my ticket within an hour way faster than i expected,joy,good
ROW00844,CUST0007,2026-04-19 19:44:12,survey_feedback,"Honestly, i keep getting charged for seats we already removed weeks ago, figured id mention it.",anger,bad
ROW00845,CUST0351,2026-03-17 23:23:54,call_transcript,a bit concerned about the response times lately our tickets have been sitting longer um than usual,fear,bad
ROW00846,CUST0561,2026-08-18 21:46:45,survey_feedback,"Not much to report this month, usage has been about the same as usual, just flagging it.",neutral,neutral
ROW00847,CUST0606,2026-05-02 02:10:01,call_transcript,the free trial silently converted to a honestly paid plan um without any reminder,disgust,bad
ROW00848,CUST0054,2026-07-17 16:51:28,call_transcript,the like marketing emails dont stop no matter how many times i unsubscribe,disgust,bad
ROW00849,CUST0620,2026-05-05 09:20:13,call_transcript,wasnt expecting the i mean feature we rely on to just um disappear without any notice,surprise,bad
ROW00850,CUST0544,2026-05-20 02:31:19,call_transcript,a bit concerned about the response times lately our tickets uh have been sitting like longer than usual,fear,bad
ROW00851,CUST0251,2026-02-23 17:00:09,call_transcript,i mean support keeps closing my ticket without actually fixing anything um,anger,bad
ROW00852,CUST0223,2026-07-02 11:02:52,survey_feedback,"Whats the difference between the pro and enterprise support tiers exactly, wanted to put that on record.",neutral,neutral
ROW00853,CUST0294,2026-06-20 19:51:10,call_transcript,im not confident the new permissions honestly setup is actually secure uh,fear,bad
ROW00854,CUST0707,2026-06-04 01:22:22,survey_feedback,"Just wanted to say, we tried to make it work but it just doesnt fit our workflow anymore, sorry to go, figured id mention it!",sadness,bad
ROW00855,CUST0328,2026-05-20 21:59:50,call_transcript,my i mean card was declined and it um locked me out of my own like account for a whole day,anger,bad
ROW00856,CUST0593,2026-08-06 20:13:23,call_transcript,not like much to report this month usage honestly has been about the same as usual i mean,neutral,neutral
ROW00857,CUST0363,2026-04-13 00:22:22,survey_feedback,"Quick note, we tried to make it work but it just doesnt fit our workflow anymore, sorry to go.",sadness,bad
ROW00858,CUST0684,2026-07-08 08:47:43,call_transcript,you know the marketing emails uh dont stop no matter how many times i i mean unsubscribe,disgust,bad
ROW00859,CUST0348,2026-04-09 17:05:16,survey_feedback,So im scared we're going to lose our historical reports if we switch plans.,fear,bad
ROW00860,CUST0331,2026-02-26 23:27:14,survey_feedback,Ok so finally managed to cancel after 20 minutes of being redirected between pages!,anger,bad
ROW00861,CUST0690,2026-06-24 11:49:40,survey_feedback,"Not gonna lie, didnt expect the migration to go this smoothly, no issues at all.",surprise,good
ROW00862,CUST0501,2026-06-05 22:38:11,survey_feedback,Support keeps closing my ticket without actually fixing anything.,anger,bad
ROW00863,CUST0087,2026-06-09 17:59:31,survey_feedback,"Ive called three times now and nobody's fixed the billing thing, just flagging it.",anger,bad
ROW00864,CUST0283,2026-07-16 11:54:49,survey_feedback,"Just wanted to say, support tried to guilt trip me into staying instead of just helping me cancel, wanted to put that on record.",disgust,bad
ROW00865,CUST0142,2026-07-09 09:47:06,survey_feedback,"Not gonna lie, its disappointing watching a tool we used to love slowly stop fitting what we need, figured id mention it.",sadness,bad
ROW00866,CUST0468,2026-04-20 11:23:04,call_transcript,did not expect um the new integration to be this honestly easy to set up honestly impressed,surprise,good
ROW00867,CUST0197,2026-05-12 05:54:10,survey_feedback,"Quick note, support tried to guilt trip me into staying instead of just helping me cancel, just flagging it.",disgust,bad
ROW00868,CUST0249,2026-03-06 20:47:54,call_transcript,ive called three times now i mean and nobody's fixed um the billing thing,anger,bad
ROW00869,CUST0605,2026-03-01 11:23:18,call_transcript,the you know mobile app finally works flawlessly even with our like full dataset loaded,joy,good
ROW00870,CUST0569,2026-03-09 11:44:16,survey_feedback,"Honestly, is there a way to export invoices as csv instead of pdf.",neutral,neutral
ROW00871,CUST0141,2026-06-16 12:30:09,survey_feedback,"Quick note, switching from spreadsheets to this has saved our whole team hours every week.",joy,good
ROW00872,CUST0003,2026-04-29 17:39:49,call_transcript,wasnt expecting the feature i mean we rely on to just disappear without any notice honestly,surprise,bad
ROW00873,CUST0385,2026-08-15 14:55:47,survey_feedback,"Just wanted to say, the way you buried the cancel button in three different menus feels really shady.",disgust,bad
ROW00874,CUST0282,2026-05-25 14:44:39,survey_feedback,"Not gonna lie, the marketing emails dont stop no matter how many times i unsubscribe, wanted to put that on record.",disgust,bad
ROW00875,CUST0407,2026-07-14 13:00:01,survey_feedback,"Not gonna lie, wasnt expecting the feature we rely on to just disappear without any notice!",surprise,bad
ROW00876,CUST0703,2026-05-21 22:34:35,survey_feedback,"Ok so im nervous the price is going to jump again at the next renewal, figured id mention it.",fear,bad
ROW00877,CUST0108,2026-02-25 23:24:41,call_transcript,i mean did not expect um the new integration to be this easy to set up honestly impressed,surprise,good
ROW00878,CUST0555,2026-06-27 09:49:42,call_transcript,wasnt expecting i mean the feature uh we rely on to just disappear without any honestly notice,surprise,bad
ROW00879,CUST0530,2026-03-25 03:56:28,call_transcript,so not sure what happens honestly to like our account if the payment fails again next month,fear,bad
ROW00880,CUST0635,2026-04-15 02:38:36,call_transcript,so you sell our uh usage data to third parties without um making that clear anywhere,disgust,bad
ROW00881,CUST0108,2026-06-14 15:50:23,survey_feedback,"Quick note, kind of sad our whole team has just quietly stopped using half the features we used to love, wanted to put that on record.",sadness,bad
ROW00882,CUST0308,2026-08-17 14:06:16,survey_feedback,"Not gonna lie, didnt expect the migration to go this smoothly, no issues at all, figured id mention it.",surprise,good
ROW00883,CUST0550,2026-04-27 16:32:42,call_transcript,so switching from spreadsheets to this has saved our whole i mean team hours every week,joy,good
ROW00884,CUST0246,2026-07-08 15:59:45,survey_feedback,"Just wanted to say, the free trial silently converted to a paid plan without any reminder, figured id mention it.",disgust,bad
ROW00885,CUST0337,2026-08-21 06:48:13,survey_feedback,Ok so wanted to ask if theres a bulk import option for existing records.,neutral,neutral
ROW00886,CUST0311,2026-03-18 08:41:50,call_transcript,honestly wasnt expecting the feature we rely on um to just disappear without any notice,surprise,bad
ROW00887,CUST0693,2026-07-27 05:48:13,survey_feedback,"Not gonna lie, wasnt expecting support to respond this fast on a weekend, really impressed, wanted to put that on record.",surprise,good
ROW00888,CUST0381,2026-06-06 07:39:02,survey_feedback,"So can someone confirm if our renewal date changed before next quarter, just flagging it.",neutral,neutral
ROW00889,CUST0520,2026-07-15 07:31:15,call_transcript,so the new dashboard update you know is amazing it saved me so much honestly time this week,joy,good
ROW00890,CUST0062,2026-07-28 03:11:28,survey_feedback,"So didnt expect the migration to go this smoothly, no issues at all, figured id mention it.",surprise,good
ROW00891,CUST0017,2026-07-18 10:25:36,survey_feedback,"Quick note, the redesigned reporting view is so much easier to read than before, just flagging it!",joy,good
ROW00892,CUST0008,2026-07-09 11:02:34,call_transcript,im like nervous you know the price is going to jump again at the uh next renewal,fear,bad
ROW00893,CUST0322,2026-07-27 07:15:17,survey_feedback,"Just wanted to say, didnt expect the migration to go this smoothly, no issues at all, just flagging it!",surprise,good
ROW00894,CUST0475,2026-02-26 15:10:45,call_transcript,support walked honestly me through the backup settings and now i i mean feel a lot better about it,joy,good
ROW00895,CUST0314,2026-05-10 20:23:58,call_transcript,uh the marketing emails dont stop no matter how many times i unsubscribe,disgust,bad
ROW00896,CUST0312,2026-02-28 09:13:40,survey_feedback,"Not gonna lie, did not expect the new integration to be this easy to set up, honestly impressed, wanted to put that on record.",surprise,good
ROW00897,CUST0023,2026-06-04 13:40:08,call_transcript,kind of sad our whole team has just you know quietly uh stopped using honestly half the features we used to love,sadness,bad
ROW00898,CUST0655,2026-05-25 13:11:37,call_transcript,so the whole downgrade flow is designed to be uh as confusing as like possible honestly,disgust,bad
ROW00899,CUST0429,2026-06-15 17:45:59,survey_feedback,"Just wanted to say, finally managed to cancel after 20 minutes of being redirected between pages.",anger,bad
ROW00900,CUST0061,2026-07-27 01:40:21,call_transcript,you sell our usage data to third parties without like making that clear anywhere,disgust,bad
ROW00901,CUST0466,2026-08-12 17:09:30,call_transcript,so ive called three honestly times now and nobody's you know fixed the billing thing,anger,bad
ROW00902,CUST0497,2026-03-27 15:08:53,survey_feedback,"Ok so we really wanted this to work out, it just didnt end up being the right fit.",sadness,bad
ROW00903,CUST0499,2026-08-09 16:03:58,call_transcript,support i mean tried to guilt trip me um into staying instead of uh just helping me cancel,disgust,bad
ROW00904,CUST0204,2026-07-21 06:24:39,survey_feedback,"Just wanted to say, the redesigned reporting view is so much easier to read than before, just flagging it.",joy,good
ROW00905,CUST0393,2026-06-19 15:48:08,call_transcript,so we like really wanted this to work out it just didnt end up uh being the right fit,sadness,bad
ROW00906,CUST0131,2026-03-29 23:59:40,survey_feedback,"Not gonna lie, does the pro plan include api access or do i need the enterprise tier for that, just flagging it.",neutral,neutral
ROW00907,CUST0746,2026-03-10 16:31:12,call_transcript,ive called three times now and nobody's fixed the billing thing i mean,anger,bad
ROW00908,CUST0345,2026-06-06 17:53:05,call_transcript,i mean wondering if the api has a honestly sandbox environment um for testing,neutral,neutral
ROW00909,CUST0668,2026-04-20 17:41:48,call_transcript,does the pro plan include api access or do i need the like enterprise tier for that,neutral,neutral
ROW00910,CUST0331,2026-06-30 07:29:05,call_transcript,can someone honestly confirm if our renewal date changed before next quarter,neutral,neutral
ROW00911,CUST0341,2026-05-22 20:29:28,survey_feedback,"Quick note, you sell our usage data to third parties without making that clear anywhere, figured id mention it.",disgust,bad
ROW00912,CUST0180,2026-08-12 20:11:15,call_transcript,wasnt expecting the feature we rely on to just i mean disappear without any notice,surprise,bad
ROW00913,CUST0365,2026-03-16 15:35:09,call_transcript,so the way you buried the cancel button in three different uh menus feels really shady,disgust,bad
ROW00914,CUST0476,2026-04-28 04:09:47,call_transcript,the fine print on the renewal you know terms like feels deliberately misleading,disgust,bad
ROW00915,CUST0272,2026-04-02 15:38:51,survey_feedback,So im worried that if i migrate my data over to the new plan i might lose everything.,fear,bad
ROW00916,CUST0223,2026-07-04 18:12:55,call_transcript,so the fine i mean print on the renewal terms feels you know deliberately misleading,disgust,bad
ROW00917,CUST0012,2026-05-29 06:29:36,call_transcript,uh i like keep getting charged for seats we already removed weeks ago,anger,bad
ROW00918,CUST0585,2026-06-14 17:22:53,survey_feedback,"So im concerned we wont be able to export everything if we ever need to leave, just flagging it.",fear,bad
ROW00919,CUST0387,2026-02-24 04:27:44,survey_feedback,"Quick note, support keeps closing my ticket without actually fixing anything, wanted to put that on record!",anger,bad
ROW00920,CUST0700,2026-08-06 07:53:38,call_transcript,so the new dashboard update is amazing it um saved me so much time this week,joy,good
ROW00921,CUST0400,2026-03-27 07:02:14,survey_feedback,"Not gonna lie, didnt realize the free trial would auto convert without reminding us first, figured id mention it!",surprise,bad
ROW00922,CUST0701,2026-03-13 20:00:14,call_transcript,so loving how simple this i mean is for a one person shop um does exactly what like i need,joy,good
ROW00923,CUST0352,2026-05-05 17:57:59,survey_feedback,"Just wanted to say, wondering if the api has a sandbox environment for testing, wanted to put that on record.",neutral,neutral
ROW00924,CUST0748,2026-03-25 11:15:27,survey_feedback,"Honestly, we really wanted this to work out, it just didnt end up being the right fit, just flagging it.",sadness,bad
ROW00925,CUST0623,2026-08-19 21:30:21,call_transcript,still kind of missing the old templates weve just i mean been doing things manually since um,sadness,bad
ROW00926,CUST0614,2026-05-04 07:59:46,call_transcript,didnt realize the free trial would honestly auto convert without reminding us first,surprise,bad
ROW00927,CUST0327,2026-07-20 22:46:30,survey_feedback,"Ok so did not realize the new plan tier included that feature for free, pleasantly surprised.",surprise,good
ROW00928,CUST0339,2026-07-28 01:39:29,survey_feedback,"Not gonna lie, the free trial silently converted to a paid plan without any reminder.",disgust,bad
ROW00929,CUST0304,2026-07-26 16:56:53,survey_feedback,I keep getting charged for seats we already removed weeks ago!,anger,bad
ROW00930,CUST0276,2026-07-25 14:42:53,call_transcript,i had like to explain the same i mean issue to three different agents and got nowhere,anger,bad
ROW00931,CUST0472,2026-06-16 15:16:48,call_transcript,my card was declined and um it locked me out of my own account for a whole day,anger,bad
ROW00932,CUST0190,2026-06-08 00:16:53,survey_feedback,"Just wanted to say, teams still using it but adoption across departments has been slower than we hoped, figured id mention it.",neutral,neutral
ROW00933,CUST0589,2026-05-09 06:11:11,call_transcript,not much to report this month i mean usage has been about the same as usual,neutral,neutral
ROW00934,CUST0385,2026-05-18 02:35:22,call_transcript,its disappointing i mean watching like a tool we used uh to love slowly stop fitting what we need,sadness,bad
ROW00935,CUST0346,2026-06-22 15:59:25,survey_feedback,"Ok so im concerned we wont be able to export everything if we ever need to leave, figured id mention it.",fear,bad
ROW00936,CUST0376,2026-08-10 21:09:35,call_transcript,did not realize uh the new um plan tier included that i mean feature for free pleasantly surprised,surprise,good
ROW00937,CUST0664,2026-03-31 13:48:44,survey_feedback,"Not gonna lie, can someone confirm if our renewal date changed before next quarter, wanted to put that on record!",neutral,neutral
ROW00938,CUST0615,2026-06-03 00:46:28,call_transcript,its disappointing i mean watching a tool we used to like love slowly stop you know fitting what we need,sadness,bad
ROW00939,CUST0358,2026-06-29 19:59:33,call_transcript,wasnt expecting support to respond like this uh fast on i mean a weekend really impressed,surprise,good
ROW00940,CUST0603,2026-03-12 12:16:30,survey_feedback,So can someone confirm if our renewal date changed before next quarter.,neutral,neutral
ROW00941,CUST0535,2026-06-17 22:06:17,survey_feedback,"Im scared we're going to lose our historical reports if we switch plans, figured id mention it.",fear,bad
ROW00942,CUST0059,2026-08-12 18:03:33,call_transcript,uh wasnt you know expecting the feature we rely on to just disappear without any i mean notice,surprise,bad
ROW00943,CUST0350,2026-06-30 14:09:09,survey_feedback,Ok so im nervous the price is going to jump again at the next renewal.,fear,bad
ROW00944,CUST0636,2026-04-04 18:56:18,call_transcript,we lost two days of data during the migration and support took way too long to honestly respond,anger,bad
ROW00945,CUST0294,2026-07-07 08:08:36,survey_feedback,"Honestly, the free trial silently converted to a paid plan without any reminder.",disgust,bad
ROW00946,CUST0250,2026-08-07 17:44:17,call_transcript,your api rate limit is like blocking our entire workflow during our busiest hours,anger,bad
ROW00947,CUST0276,2026-05-11 14:10:46,call_transcript,so did um not expect the new integration to be this like easy to set up honestly impressed,surprise,good
ROW00948,CUST0480,2026-08-09 05:15:47,call_transcript,i mean the feature we asked about last year still hasnt shown up and honestly weve kind of given up you know hope,sadness,bad
ROW00949,CUST0496,2026-07-23 00:22:08,survey_feedback,"Not gonna lie, wasnt expecting our whole team to get logged out with zero warning during the outage, wanted to put that on record.",surprise,bad
ROW00950,CUST0489,2026-05-11 17:32:29,survey_feedback,"So kind of sad our whole team has just quietly stopped using half the features we used to love, figured id mention it.",sadness,bad
ROW00951,CUST0222,2026-05-02 12:53:19,survey_feedback,"Ok so didnt realize the free trial would auto convert without reminding us first, wanted to put that on record.",surprise,bad
ROW00952,CUST0425,2026-04-14 22:02:25,call_transcript,were just a you know little disappointed cause the old template feature got taken away i mean,sadness,bad
ROW00953,CUST0443,2026-07-26 16:49:51,call_transcript,im not confident the new permissions like setup is actually secure,fear,bad
ROW00954,CUST0594,2026-07-24 23:10:23,call_transcript,customer support um read from i mean a script the entire time and never actually listened,disgust,bad
ROW00955,CUST0439,2026-05-07 01:20:55,call_transcript,im worried this outage means uh our customer data was exposed somehow,fear,bad
ROW00956,CUST0525,2026-05-05 13:45:21,call_transcript,the whole downgrade flow is designed um to be as confusing as like possible,disgust,bad
ROW00957,CUST0034,2026-07-26 12:06:10,call_transcript,we really wanted um this to work you know out it just didnt uh end up being the right fit,sadness,bad
ROW00958,CUST0014,2026-08-09 00:13:02,survey_feedback,"So its fine, does what we need i guess, wanted to put that on record.",neutral,neutral
ROW00959,CUST0508,2026-06-25 16:12:35,survey_feedback,"Not gonna lie, wasnt expecting the feature we rely on to just disappear without any notice.",surprise,bad
ROW00960,CUST0113,2026-05-23 01:43:08,call_transcript,did not realize the new plan tier included like that feature for free pleasantly surprised,surprise,good
ROW00961,CUST0235,2026-06-06 04:21:52,survey_feedback,"Quick note, did not expect the price to jump that much on renewal, nobody mentioned it in the email, wanted to put that on record.",surprise,bad
ROW00962,CUST0452,2026-07-12 18:17:50,call_transcript,can you know someone confirm honestly if our renewal date changed before next quarter,neutral,neutral
ROW00963,CUST0309,2026-06-12 10:48:22,call_transcript,you um guys charged me twice this month and nobody on chat could i mean explain you know why,anger,bad
ROW00964,CUST0222,2026-07-29 19:09:09,call_transcript,uh support tried to guilt trip me into staying instead of just helping me cancel,disgust,bad
ROW00965,CUST0363,2026-07-25 00:22:56,call_transcript,you guys charged me twice this month honestly and nobody on chat could explain why,anger,bad
ROW00966,CUST0261,2026-06-06 20:02:28,call_transcript,five years in and still our go to platform like genuinely happy with how its evolved,joy,good
ROW00967,CUST0167,2026-07-07 12:43:38,survey_feedback,"Not gonna lie, the export feature has been broken for a week and support still hasnt replied, figured id mention it!",anger,bad
ROW00968,CUST0544,2026-05-25 16:56:04,call_transcript,so wanted to ask if theres a uh bulk import option for existing records,neutral,neutral
ROW00969,CUST0049,2026-05-30 14:44:40,call_transcript,so the way you like buried the i mean cancel button in three different menus feels really shady,disgust,bad
ROW00970,CUST0572,2026-05-03 11:06:22,call_transcript,wanted to uh ask if theres a bulk import option i mean for existing records honestly,neutral,neutral
ROW00971,CUST0426,2026-04-27 06:15:28,call_transcript,didnt expect um the migration to go this you know smoothly uh no issues at all,surprise,good
ROW00972,CUST0430,2026-07-09 18:34:21,survey_feedback,"Not sure what happens to our account if the payment fails again next month, just flagging it.",fear,bad
ROW00973,CUST0676,2026-08-14 20:51:42,survey_feedback,"Ok so the new integration took five minutes to set up and just worked, just flagging it.",joy,good
ROW00974,CUST0013,2026-06-03 10:57:19,survey_feedback,"Honestly, kind of bummed they removed the old reporting view, i really relied on that for my weekly standups.",sadness,bad
ROW00975,CUST0703,2026-03-07 05:42:37,survey_feedback,Ok so wasnt expecting the feature we rely on to just disappear without any notice.,surprise,bad
ROW00976,CUST0147,2026-05-20 04:01:38,survey_feedback,"Ok so were just a little disappointed cause the old template feature got taken away, just flagging it.",sadness,bad
ROW00977,CUST0452,2026-06-01 08:12:53,call_transcript,your api rate limit is blocking our i mean entire workflow um during honestly our busiest hours,anger,bad
ROW00978,CUST0735,2026-07-11 05:42:51,call_transcript,honestly still one of the best tools we use day to day genuinely happy with it,joy,good
ROW00979,CUST0739,2026-03-12 17:05:47,survey_feedback,"Quick note, im scared we're going to lose our historical reports if we switch plans, wanted to put that on record!",fear,bad
ROW00980,CUST0465,2026-08-02 18:29:57,call_transcript,so the account manager checked in on us again today really appreciate how proactive like support has been,joy,good
ROW00981,CUST0350,2026-07-05 07:02:58,survey_feedback,"Just wanted to say, support walked me through the backup settings and now i feel a lot better about it, wanted to put that on record.",joy,good
ROW00982,CUST0128,2026-04-08 06:26:05,call_transcript,uh havent really had time to dig into um the new features still just using it for like the basics,neutral,neutral
ROW00983,CUST0475,2026-04-17 05:27:49,call_transcript,is there i mean a way to export invoices as csv instead of pdf,neutral,neutral
ROW00984,CUST0728,2026-03-28 11:48:33,call_transcript,just confirming our seat count like before the you know next uh billing cycle,neutral,neutral
ROW00985,CUST0472,2026-04-05 05:06:05,survey_feedback,"So loving how simple this is for a one person shop, does exactly what i need, wanted to put that on record!",joy,good
ROW00986,CUST0004,2026-03-28 11:01:42,survey_feedback,Im worried this outage means our customer data was exposed somehow.,fear,bad
ROW00987,CUST0123,2026-08-09 17:03:36,call_transcript,you know the feature we asked uh about last year still hasnt shown up and weve kind honestly of given up hope,sadness,bad
ROW00988,CUST0387,2026-05-15 00:07:52,survey_feedback,"Not gonna lie, the integration broke after your last update and nobody warned us it was coming.",anger,bad
ROW00989,CUST0446,2026-03-10 10:53:42,call_transcript,kind of sad our whole team has just quietly stopped using half the features we used to love um,sadness,bad
ROW00990,CUST0122,2026-07-16 08:12:27,call_transcript,switching from spreadsheets um to this has saved our whole team hours every week,joy,good
ROW00991,CUST0134,2026-04-27 20:40:49,survey_feedback,"Quick note, the export feature has been broken for a week and support still hasnt replied, wanted to put that on record!",anger,bad
ROW00992,CUST0402,2026-07-05 22:39:38,survey_feedback,"Ok so we tried to make it work but it just doesnt fit our workflow anymore, sorry to go, just flagging it.",sadness,bad
ROW00993,CUST0378,2026-05-07 12:29:48,survey_feedback,"Honestly, the redesigned reporting view is so much easier to read than before, wanted to put that on record.",joy,good
ROW00994,CUST0470,2026-07-15 15:55:20,survey_feedback,"Honestly, the export feature has been broken for a week and support still hasnt replied, figured id mention it!",anger,bad
ROW00995,CUST0372,2026-06-21 21:31:53,survey_feedback,The free trial silently converted to a paid plan without any reminder.,disgust,bad
ROW00996,CUST0278,2026-06-09 21:16:56,call_transcript,its disappointing watching a tool we i mean used to love slowly stop fitting what we need,sadness,bad
ROW00997,CUST0055,2026-04-15 15:14:52,survey_feedback,"Not gonna lie, didnt realize the free trial would auto convert without reminding us first!",surprise,bad
ROW00998,CUST0191,2026-03-06 03:07:38,call_transcript,its disappointing like watching a tool we used to love slowly honestly stop fitting um what we need,sadness,bad
ROW00999,CUST0419,2026-03-13 14:47:53,survey_feedback,"The export feature has been broken for a week and support still hasnt replied, figured id mention it.",anger,bad
ROW01000,CUST0740,2026-04-09 05:10:06,survey_feedback,"Quick note, you sell our usage data to third parties without making that clear anywhere, wanted to put that on record.",disgust,bad
ROW01001,CUST0576,2026-04-18 17:31:20,call_transcript,so your api rate limit is blocking our entire workflow during our like busiest hours,anger,bad
ROW01002,CUST0130,2026-07-23 10:58:22,call_transcript,like whats the difference between the pro and enterprise support tiers exactly,neutral,neutral
ROW01003,CUST0643,2026-06-14 11:27:32,survey_feedback,"So kind of bummed they removed the old reporting view, i really relied on that for my weekly standups, figured id mention it.",sadness,bad
ROW01004,CUST0272,2026-04-20 02:14:29,survey_feedback,"Im nervous the price is going to jump again at the next renewal, just flagging it.",fear,bad
ROW01005,CUST0402,2026-07-12 09:53:54,call_transcript,so the way you uh buried the like cancel button in three different menus feels really shady,disgust,bad
ROW01006,CUST0530,2026-07-06 05:44:16,call_transcript,the like redesigned reporting view is so much um easier honestly to read than before,joy,good
ROW01007,CUST0512,2026-05-22 20:25:10,survey_feedback,"Not gonna lie, wasnt expecting support to respond this fast on a weekend, really impressed.",surprise,good
ROW01008,CUST0155,2026-07-02 07:23:28,call_transcript,did not honestly expect you know the price to jump uh that much on renewal nobody mentioned it in the email,surprise,bad
ROW01009,CUST0270,2026-07-07 22:47:12,call_transcript,were i mean just a little disappointed cause the old template feature got uh taken honestly away,sadness,bad
ROW01010,CUST0574,2026-03-09 07:16:20,survey_feedback,"Just wanted to say, wasnt expecting our whole team to get logged out with zero warning during the outage, wanted to put that on record.",surprise,bad
ROW01011,CUST0517,2026-05-30 17:31:18,call_transcript,customer support read from a script honestly the entire time and never actually listened,disgust,bad
ROW01012,CUST0571,2026-03-08 07:37:28,survey_feedback,"Honestly, still one of the best tools we use day to day, genuinely happy with it, just flagging it.",joy,good
ROW01013,CUST0440,2026-06-01 20:02:55,survey_feedback,"Honestly, the onboarding checklist made getting started genuinely painless.",joy,good
ROW01014,CUST0106,2026-05-06 19:19:38,call_transcript,wasnt expecting the feature we rely on to just disappear without any notice i mean,surprise,bad
ROW01015,CUST0368,2026-04-27 20:33:36,survey_feedback,"So the new dashboard update is amazing, it saved me so much time this week, wanted to put that on record.",joy,good
ROW01016,CUST0538,2026-03-16 17:53:36,survey_feedback,"Still one of the best tools we use day to day, genuinely happy with it, figured id mention it.",joy,good
ROW01017,CUST0749,2026-06-12 15:02:23,call_transcript,so the redesigned reporting view is you know so uh much easier to read i mean than before,joy,good
ROW01018,CUST0023,2026-05-01 19:29:37,survey_feedback,"Just wanted to say, support tried to guilt trip me into staying instead of just helping me cancel.",disgust,bad
ROW01019,CUST0229,2026-06-07 04:49:27,call_transcript,im worried that honestly if i uh migrate i mean my data over to the new plan i might lose everything,fear,bad
ROW01020,CUST0544,2026-06-12 15:19:12,survey_feedback,"Ok so the account manager checked in on us again today, really appreciate how proactive support has been, figured id mention it.",joy,good
ROW01021,CUST0048,2026-03-13 22:22:52,survey_feedback,"Honestly, the new dashboard update is amazing, it saved me so much time this week.",joy,good
ROW01022,CUST0276,2026-06-13 02:10:56,survey_feedback,"Wondering if the api has a sandbox environment for testing, just flagging it.",neutral,neutral
ROW01023,CUST0322,2026-06-02 06:37:33,survey_feedback,"Not gonna lie, we tried to make it work but it just doesnt fit our workflow anymore, sorry to go, wanted to put that on record.",sadness,bad
ROW01024,CUST0025,2026-03-01 04:17:22,call_transcript,can someone confirm if um our renewal date changed before you know next quarter,neutral,neutral
ROW01025,CUST0414,2026-07-06 00:23:52,survey_feedback,"So the new dashboard update is amazing, it saved me so much time this week.",joy,good
ROW01026,CUST0371,2026-06-29 12:06:31,survey_feedback,Weve had four outages this quarter and every time we call support its a 40 minute wait.,anger,bad
ROW01027,CUST0247,2026-04-08 00:41:56,call_transcript,you sell our usage you know data to third parties without making that clear anywhere,disgust,bad
ROW01028,CUST0358,2026-05-09 14:47:40,call_transcript,didnt like expect honestly the migration to go this smoothly no um issues at all,surprise,good
ROW01029,CUST0735,2026-02-23 20:35:52,call_transcript,customer support read honestly from a script the entire time and never actually listened,disgust,bad
ROW01030,CUST0141,2026-06-23 13:55:02,survey_feedback,"Not gonna lie, im concerned we wont be able to export everything if we ever need to leave!",fear,bad
ROW01031,CUST0374,2026-06-20 20:59:00,survey_feedback,"We really wanted this to work out, it just didnt end up being the right fit.",sadness,bad
ROW01032,CUST0260,2026-08-14 07:30:24,call_transcript,wasnt expecting support to respond this fast on a weekend really you know impressed,surprise,good
ROW01033,CUST0019,2026-06-04 16:53:33,survey_feedback,"Honestly, support walked me through the backup settings and now i feel a lot better about it, figured id mention it.",joy,good
ROW01034,CUST0302,2026-08-18 14:02:13,survey_feedback,"Honestly, the integration broke after your last update and nobody warned us it was coming, wanted to put that on record.",anger,bad
ROW01035,CUST0738,2026-07-17 03:37:40,call_transcript,so teams like still using it but adoption across departments has been slower than we hoped,neutral,neutral
ROW01036,CUST0134,2026-05-08 13:02:40,call_transcript,wasnt expecting uh the like feature we rely on to just disappear without any notice,surprise,bad
ROW01037,CUST0645,2026-05-12 04:28:14,call_transcript,so finally managed to cancel like after 20 minutes of being redirected between pages,anger,bad
ROW01038,CUST0729,2026-08-09 00:08:26,call_transcript,the onboarding checklist made like getting started genuinely honestly painless,joy,good
ROW01039,CUST0658,2026-08-16 22:59:09,call_transcript,did not realize the new uh plan tier included that feature um for free pleasantly surprised,surprise,good
ROW01040,CUST0189,2026-03-10 20:29:40,call_transcript,we tried to make like it work but it just doesnt um fit our workflow anymore honestly sorry to go,sadness,bad
ROW01041,CUST0151,2026-07-28 03:19:51,survey_feedback,"Quick note, weve had four outages this quarter and every time we call support its a 40 minute wait.",anger,bad
ROW01042,CUST0043,2026-07-09 09:35:14,survey_feedback,"So wanted to ask if theres a bulk import option for existing records, figured id mention it.",neutral,neutral
ROW01043,CUST0589,2026-06-09 03:34:18,survey_feedback,"Ok so is my data actually backed up somewhere, im a bit nervous about losing my project files.",fear,bad
ROW01044,CUST0554,2026-05-16 18:02:47,call_transcript,so does the uh pro plan include api access or do i need the enterprise tier for that,neutral,neutral
ROW01045,CUST0142,2026-03-25 14:07:08,call_transcript,ive called three times i mean now and honestly nobody's fixed the billing thing,anger,bad
ROW01046,CUST0226,2026-07-31 23:44:08,call_transcript,uh finally managed to cancel after 20 minutes of being redirected between pages,anger,bad
ROW01047,CUST0651,2026-06-05 08:52:25,call_transcript,the feature i mean we asked about last year still hasnt shown up and weve kind um of honestly given up hope,sadness,bad
ROW01048,CUST0699,2026-06-14 07:27:39,call_transcript,not sure what happens to our account if honestly the um payment fails again next month,fear,bad
ROW01049,CUST0074,2026-07-17 12:52:40,call_transcript,still kind of missing the honestly old templates weve just been doing things manually since,sadness,bad
ROW01050,CUST0601,2026-06-09 16:55:55,survey_feedback,"Honestly, whats the difference between the pro and enterprise support tiers exactly, just flagging it.",neutral,neutral
ROW01051,CUST0423,2026-05-19 10:30:51,call_transcript,the onboarding checklist honestly made like getting started genuinely painless,joy,good
ROW01052,CUST0191,2026-06-01 18:40:01,survey_feedback,"You keep auto enrolling us in paid add ons we never asked for, just flagging it.",disgust,bad
ROW01053,CUST0001,2026-06-05 14:24:46,survey_feedback,Ok so the way you buried the cancel button in three different menus feels really shady.,disgust,bad
ROW01054,CUST0037,2026-03-13 07:38:09,call_transcript,honestly the redesigned reporting view is so much um easier to read than before i mean,joy,good
ROW01055,CUST0347,2026-08-01 13:21:48,survey_feedback,"Ok so the free trial silently converted to a paid plan without any reminder, figured id mention it.",disgust,bad
ROW01056,CUST0303,2026-07-11 02:17:36,call_transcript,so ive called three times now you know and nobody's fixed the billing thing,anger,bad
ROW01057,CUST0184,2026-08-19 22:09:29,survey_feedback,"Ok so the new dashboard update is amazing, it saved me so much time this week, just flagging it.",joy,good
ROW01058,CUST0171,2026-08-20 03:17:34,survey_feedback,"Just wanted to say, the feature we asked about last year still hasnt shown up and weve kind of given up hope.",sadness,bad
ROW01059,CUST0238,2026-07-20 07:58:03,survey_feedback,Not sure what happens to our account if the payment fails again next month.,fear,bad
ROW01060,CUST0258,2026-07-31 14:55:02,call_transcript,im scared we're going um to lose our historical reports if we switch plans,fear,bad
ROW01061,CUST0358,2026-05-29 12:37:26,call_transcript,finally managed um to cancel like after 20 minutes of you know being redirected between pages,anger,bad
ROW01062,CUST0199,2026-06-29 14:02:12,survey_feedback,"Quick note, its disappointing watching a tool we used to love slowly stop fitting what we need, just flagging it.",sadness,bad
ROW01063,CUST0134,2026-05-29 11:47:51,survey_feedback,"Not gonna lie, ive called three times now and nobody's fixed the billing thing.",anger,bad
ROW01064,CUST0576,2026-04-17 04:14:57,call_transcript,weve like had four outages this quarter um and every time we call support its a 40 minute honestly wait,anger,bad
ROW01065,CUST0223,2026-04-01 07:55:01,call_transcript,wasnt expecting support to respond um this fast on a weekend uh really impressed i mean,surprise,good
ROW01066,CUST0577,2026-08-13 23:25:48,call_transcript,honestly wanted to ask if theres a bulk import option for existing records,neutral,neutral
ROW01067,CUST0084,2026-04-21 10:57:22,survey_feedback,"So wasnt expecting support to respond this fast on a weekend, really impressed, figured id mention it.",surprise,good
ROW01068,CUST0647,2026-06-30 13:23:56,survey_feedback,"Just wanted to say, wanted to ask if theres a bulk import option for existing records!",neutral,neutral
ROW01069,CUST0129,2026-06-28 12:39:03,call_transcript,weve had uh four outages this quarter and every you know time we call support i mean its a 40 minute wait,anger,bad
ROW01070,CUST0712,2026-06-26 10:33:38,survey_feedback,"Just wanted to say, not sure what happens to our account if the payment fails again next month.",fear,bad
ROW01071,CUST0457,2026-05-05 19:47:17,call_transcript,your api rate limit is blocking our entire workflow during our uh busiest hours,anger,bad
ROW01072,CUST0463,2026-06-16 08:45:51,survey_feedback,"Not gonna lie, kind of sad our whole team has just quietly stopped using half the features we used to love.",sadness,bad
ROW01073,CUST0555,2026-04-14 03:02:04,call_transcript,wasnt expecting our i mean whole um team to get logged out with zero warning during the outage,surprise,bad
ROW01074,CUST0475,2026-07-21 04:39:22,call_transcript,so wasnt expecting our whole like team to get logged out with zero warning honestly during the outage you know,surprise,bad
ROW01075,CUST0668,2026-04-16 03:08:46,survey_feedback,"Not gonna lie, the new integration took five minutes to set up and just worked!",joy,good
ROW01076,CUST0463,2026-06-28 05:32:07,survey_feedback,"Just wanted to say, wasnt expecting our whole team to get logged out with zero warning during the outage, figured id mention it.",surprise,bad
ROW01077,CUST0676,2026-07-11 04:14:09,call_transcript,so kind of bummed uh they removed the old reporting view i really relied on that for my i mean weekly standups,sadness,bad
ROW01078,CUST0054,2026-06-02 22:26:24,survey_feedback,"Its disappointing watching a tool we used to love slowly stop fitting what we need, wanted to put that on record.",sadness,bad
ROW01079,CUST0371,2026-06-14 01:02:43,survey_feedback,"Quick note, the redesigned reporting view is so much easier to read than before, figured id mention it.",joy,good
ROW01080,CUST0436,2026-07-28 16:12:03,survey_feedback,"Just wanted to say, we tried to make it work but it just doesnt fit our workflow anymore, sorry to go, wanted to put that on record.",sadness,bad
ROW01081,CUST0180,2026-06-27 08:57:21,survey_feedback,"Honestly, im not confident the new permissions setup is actually secure, just flagging it!",fear,bad
ROW01082,CUST0008,2026-07-13 21:16:14,survey_feedback,"Just wanted to say, the integration broke after your last update and nobody warned us it was coming.",anger,bad
ROW01083,CUST0122,2026-05-23 18:31:23,call_transcript,so were just a little disappointed cause the old uh template feature you know got taken away,sadness,bad
ROW01084,CUST0724,2026-07-29 21:47:08,call_transcript,the redesigned reporting view is so much you know easier to read than before,joy,good
ROW01085,CUST0381,2026-06-21 17:41:04,call_transcript,so wanted to ask honestly if theres a bulk import option for existing records,neutral,neutral
ROW01086,CUST0742,2026-06-19 09:53:43,survey_feedback,"So the marketing emails dont stop no matter how many times i unsubscribe, figured id mention it.",disgust,bad
ROW01087,CUST0132,2026-06-25 10:04:59,call_transcript,kind of bummed they removed the old reporting view i really relied on that you know for my weekly um standups,sadness,bad
ROW01088,CUST0099,2026-03-04 03:31:59,call_transcript,honestly your api rate limit is blocking our entire workflow during our you know busiest hours um,anger,bad
ROW01089,CUST0117,2026-04-29 22:37:49,call_transcript,um wasnt expecting support honestly to respond this fast on a weekend really impressed,surprise,good
ROW01090,CUST0077,2026-07-13 00:09:30,call_transcript,so five years in like and you know still our go to platform genuinely happy with how i mean its evolved,joy,good
ROW01091,CUST0531,2026-07-10 03:31:12,call_transcript,so support tried to guilt trip me into staying instead of like just helping me cancel,disgust,bad
ROW01092,CUST0227,2026-05-19 18:23:45,survey_feedback,So the way you buried the cancel button in three different menus feels really shady.,disgust,bad
ROW01093,CUST0735,2026-08-19 19:00:39,call_transcript,you know its fine does what i mean we need i guess,neutral,neutral
ROW01094,CUST0244,2026-07-11 12:20:00,call_transcript,um the way uh you buried the cancel button in three different honestly menus feels really shady,disgust,bad
ROW01095,CUST0694,2026-04-23 20:09:21,survey_feedback,"Quick note, five years in and still our go to platform, genuinely happy with how its evolved, wanted to put that on record.",joy,good
ROW01096,CUST0431,2026-06-16 04:31:32,call_transcript,does the pro plan include api access or um do i need the enterprise tier for that,neutral,neutral
ROW01097,CUST0499,2026-06-21 11:56:43,call_transcript,didnt realize the i mean free trial uh would auto convert without reminding us first,surprise,bad
ROW01098,CUST0092,2026-06-04 18:47:57,call_transcript,so support tried to guilt trip me into staying i mean instead of just helping me um cancel,disgust,bad
ROW01099,CUST0276,2026-05-25 13:49:21,call_transcript,so wanted to ask if theres a bulk like import option for existing records um,neutral,neutral
ROW01100,CUST0749,2026-06-25 11:57:11,survey_feedback,"Not gonna lie, can someone confirm if our renewal date changed before next quarter.",neutral,neutral
ROW01101,CUST0634,2026-05-09 05:35:35,survey_feedback,"Just wanted to say, the marketing emails dont stop no matter how many times i unsubscribe.",disgust,bad
ROW01102,CUST0225,2026-06-20 07:28:41,survey_feedback,"Just wanted to say, support tried to guilt trip me into staying instead of just helping me cancel, just flagging it.",disgust,bad
ROW01103,CUST0110,2026-04-25 13:52:27,call_transcript,weve had four outages this quarter and every um time we call honestly support you know its a 40 minute wait,anger,bad
ROW01104,CUST0569,2026-02-24 10:17:43,survey_feedback,"Ok so the new integration took five minutes to set up and just worked, figured id mention it.",joy,good
ROW01105,CUST0329,2026-06-08 22:50:50,survey_feedback,"Ok so the marketing emails dont stop no matter how many times i unsubscribe, just flagging it.",disgust,bad
ROW01106,CUST0155,2026-06-16 07:37:43,call_transcript,like the way you um buried the cancel button in three different menus feels really shady you know,disgust,bad
ROW01107,CUST0610,2026-05-22 14:59:50,survey_feedback,So the onboarding checklist made getting started genuinely painless.,joy,good
ROW01108,CUST0607,2026-03-15 19:58:03,survey_feedback,"Quick note, its fine, does what we need i guess, wanted to put that on record.",neutral,neutral
ROW01109,CUST0595,2026-05-11 20:36:56,survey_feedback,"Just wanted to say, you sell our usage data to third parties without making that clear anywhere, just flagging it.",disgust,bad
ROW01110,CUST0393,2026-07-29 09:03:58,call_transcript,so the you know mobile app finally um works flawlessly even with honestly our full dataset loaded,joy,good
ROW01111,CUST0725,2026-05-03 07:47:51,call_transcript,didnt realize the free trial honestly would like auto i mean convert without reminding us first,surprise,bad
ROW01112,CUST0700,2026-07-27 12:37:41,call_transcript,the marketing emails dont stop um no matter honestly how many times i unsubscribe,disgust,bad
ROW01113,CUST0259,2026-06-20 21:59:35,call_transcript,im you know scared we're um going to lose our historical reports honestly if we switch plans,fear,bad
ROW01114,CUST0478,2026-04-13 18:45:19,call_transcript,did not realize the new plan i mean tier included that feature for free pleasantly surprised,surprise,good
ROW01115,CUST0069,2026-08-06 13:08:09,survey_feedback,"Not gonna lie, support tried to guilt trip me into staying instead of just helping me cancel.",disgust,bad
ROW01116,CUST0073,2026-05-18 06:43:00,call_transcript,still kind of missing the old templates weve like just been doing things manually since,sadness,bad
ROW01117,CUST0294,2026-05-20 02:38:23,call_transcript,you sell our usage data to third parties without making that clear anywhere i mean,disgust,bad
ROW01118,CUST0509,2026-07-27 18:52:29,survey_feedback,So wanted to ask if theres a bulk import option for existing records.,neutral,neutral
ROW01119,CUST0728,2026-05-13 11:23:01,survey_feedback,So im worried this outage means our customer data was exposed somehow!,fear,bad
ROW01120,CUST0671,2026-05-31 16:36:36,survey_feedback,Ok so the whole downgrade flow is designed to be as confusing as possible!,disgust,bad
ROW01121,CUST0582,2026-07-29 03:16:07,survey_feedback,Wondering if the api has a sandbox environment for testing.,neutral,neutral
ROW01122,CUST0090,2026-03-28 14:39:41,survey_feedback,"Quick note, customer support read from a script the entire time and never actually listened, just flagging it.",disgust,bad
ROW01123,CUST0714,2026-03-02 09:21:14,call_transcript,the marketing emails dont stop no matter i mean how many times i unsubscribe,disgust,bad
ROW01124,CUST0109,2026-08-05 11:44:14,call_transcript,uh not much to like report this month usage has been about the same as usual,neutral,neutral
ROW01125,CUST0049,2026-07-21 12:16:53,survey_feedback,So im worried that if i migrate my data over to the new plan i might lose everything!,fear,bad
ROW01126,CUST0440,2026-08-15 08:28:32,call_transcript,your team fixed my honestly ticket within an hour way faster than uh i expected,joy,good
ROW01127,CUST0725,2026-03-13 22:17:36,survey_feedback,Ok so the redesigned reporting view is so much easier to read than before.,joy,good
ROW01128,CUST0616,2026-05-17 06:22:13,survey_feedback,"Just wanted to say, the export feature has been broken for a week and support still hasnt replied.",anger,bad
ROW01129,CUST0222,2026-06-11 05:16:36,survey_feedback,"Quick note, the free trial silently converted to a paid plan without any reminder, just flagging it!",disgust,bad
ROW01130,CUST0326,2026-04-15 06:47:28,call_transcript,so didnt realize the free trial would auto convert um without reminding us first,surprise,bad
ROW01131,CUST0500,2026-02-28 09:52:16,call_transcript,honestly im not confident the new permissions setup is actually like secure,fear,bad
ROW01132,CUST0161,2026-03-21 04:53:08,call_transcript,honestly we just stopped seeing the point of it kind of sad it didnt work um out for us in the end,sadness,bad
ROW01133,CUST0287,2026-04-10 00:31:20,call_transcript,so you keep you know auto enrolling um us i mean in paid add ons we never asked for,disgust,bad
ROW01134,CUST0670,2026-05-14 17:32:55,survey_feedback,"Not gonna lie, the fine print on the renewal terms feels deliberately misleading.",disgust,bad
ROW01135,CUST0085,2026-06-20 23:53:45,call_transcript,im worried that if i migrate my data you know over to the new plan i might lose everything,fear,bad
ROW01136,CUST0624,2026-03-08 16:59:49,survey_feedback,"Quick note, the export feature has been broken for a week and support still hasnt replied.",anger,bad
ROW01137,CUST0335,2026-02-26 07:58:55,call_transcript,so the marketing emails dont stop you know no um matter honestly how many times i unsubscribe,disgust,bad
ROW01138,CUST0679,2026-08-05 10:59:56,call_transcript,im concerned like we wont be able to i mean export everything um if we ever need to leave,fear,bad
ROW01139,CUST0051,2026-08-13 08:24:11,survey_feedback,"Just wanted to say, im worried this outage means our customer data was exposed somehow, just flagging it.",fear,bad
ROW01140,CUST0595,2026-03-26 05:49:53,survey_feedback,"Just wanted to say, wondering if the api has a sandbox environment for testing, just flagging it.",neutral,neutral
ROW01141,CUST0541,2026-07-04 19:05:09,survey_feedback,"We tried to make it work but it just doesnt fit our workflow anymore, sorry to go, figured id mention it.",sadness,bad
ROW01142,CUST0630,2026-06-07 17:08:40,survey_feedback,"Loving how simple this is for a one person shop, does exactly what i need, just flagging it.",joy,good
ROW01143,CUST0736,2026-05-29 09:37:01,survey_feedback,"Quick note, wasnt expecting our whole team to get logged out with zero warning during the outage!",surprise,bad
ROW01144,CUST0403,2026-05-17 12:45:30,call_transcript,so you like sell our usage data to third parties without making that clear honestly anywhere,disgust,bad
ROW01145,CUST0579,2026-03-18 01:03:28,survey_feedback,"Just wanted to say, teams still using it but adoption across departments has been slower than we hoped.",neutral,neutral
ROW01146,CUST0053,2026-06-20 04:57:40,call_transcript,im not you know confident the new permissions setup is actually secure,fear,bad
ROW01147,CUST0584,2026-08-03 10:57:13,survey_feedback,"Ok so kind of sad our whole team has just quietly stopped using half the features we used to love, wanted to put that on record.",sadness,bad
ROW01148,CUST0738,2026-05-29 10:15:55,call_transcript,kind of bummed they you know removed the old reporting view i really relied on that for my weekly standups,sadness,bad
ROW01149,CUST0534,2026-03-05 23:21:49,survey_feedback,"Did not expect the new integration to be this easy to set up, honestly impressed, wanted to put that on record.",surprise,good
ROW01150,CUST0635,2026-07-28 17:08:35,call_transcript,so teams still using it um but adoption across departments has been slower than we hoped,neutral,neutral
ROW01151,CUST0708,2026-07-03 13:58:07,survey_feedback,"Just wanted to say, wasnt expecting support to respond this fast on a weekend, really impressed, just flagging it.",surprise,good
ROW01152,CUST0439,2026-08-13 10:57:02,call_transcript,wanted to ask like if theres a bulk import option for existing records,neutral,neutral
ROW01153,CUST0275,2026-07-16 20:38:00,survey_feedback,"So you guys charged me twice this month and nobody on chat could explain why, just flagging it.",anger,bad
ROW01154,CUST0256,2026-03-01 19:26:45,call_transcript,support keeps closing my ticket i mean without actually fixing anything,anger,bad
ROW01155,CUST0335,2026-06-15 17:34:03,call_transcript,so whats the difference between the pro and enterprise support um tiers exactly,neutral,neutral
ROW01156,CUST0157,2026-06-22 04:29:46,call_transcript,honestly we really wanted this to work out it just didnt end up being like the right fit,sadness,bad
ROW01157,CUST0125,2026-06-16 14:51:36,call_transcript,did not uh expect the price to jump that much honestly on renewal nobody mentioned it in the email i mean,surprise,bad
ROW01158,CUST0331,2026-07-20 05:49:24,call_transcript,so support keeps closing my you know ticket without um actually fixing anything honestly,anger,bad
ROW01159,CUST0052,2026-07-31 18:14:15,survey_feedback,"Just confirming our seat count before the next billing cycle, just flagging it.",neutral,neutral
ROW01160,CUST0084,2026-04-04 14:10:08,survey_feedback,"Just wanted to say, did not expect the price to jump that much on renewal, nobody mentioned it in the email, just flagging it.",surprise,bad
ROW01161,CUST0747,2026-07-08 11:39:56,call_transcript,so im worried this um outage means like our customer data was exposed somehow,fear,bad
ROW01162,CUST0710,2026-05-12 01:44:49,call_transcript,so you sell our usage uh data to third parties without you know making that clear anywhere,disgust,bad
ROW01163,CUST0461,2026-02-28 04:16:24,survey_feedback,"Ok so switching from spreadsheets to this has saved our whole team hours every week, wanted to put that on record!",joy,good
ROW01164,CUST0629,2026-06-13 15:07:06,survey_feedback,So not sure what happens to our account if the payment fails again next month.,fear,bad
ROW01165,CUST0104,2026-03-07 12:51:51,survey_feedback,"Just wanted to say, customer support read from a script the entire time and never actually listened.",disgust,bad
ROW01166,CUST0413,2026-05-07 13:06:19,survey_feedback,The onboarding checklist made getting started genuinely painless.,joy,good
ROW01167,CUST0484,2026-07-20 23:53:00,survey_feedback,Wasnt expecting our whole team to get logged out with zero warning during the outage.,surprise,bad
ROW01168,CUST0600,2026-02-22 17:51:41,call_transcript,still um kind uh of missing the old templates weve just been doing things manually since,sadness,bad
ROW01169,CUST0021,2026-07-18 08:50:11,survey_feedback,"Wasnt expecting support to respond this fast on a weekend, really impressed, wanted to put that on record.",surprise,good
ROW01170,CUST0289,2026-03-22 22:51:42,call_transcript,so kind um of sad our whole team has just quietly stopped like using half the features we used to you know love,sadness,bad
ROW01171,CUST0241,2026-06-16 00:22:50,survey_feedback,"Not gonna lie, can someone confirm if our renewal date changed before next quarter, figured id mention it.",neutral,neutral
ROW01172,CUST0297,2026-06-06 01:41:42,call_transcript,um were just a little disappointed cause the old template feature got taken away,sadness,bad
ROW01173,CUST0206,2026-06-16 16:57:47,survey_feedback,"Honestly, kind of bummed they removed the old reporting view, i really relied on that for my weekly standups, just flagging it!",sadness,bad
ROW01174,CUST0530,2026-06-04 10:02:44,survey_feedback,"Quick note, checking whether the new update changes anything for our current workflow!",neutral,neutral
ROW01175,CUST0138,2026-04-13 07:30:31,survey_feedback,"Just wanted to say, havent really had time to dig into the new features, still just using it for the basics!",neutral,neutral
ROW01176,CUST0172,2026-03-24 23:22:42,survey_feedback,"Ok so is my data actually backed up somewhere, im a bit nervous about losing my project files, just flagging it.",fear,bad
ROW01177,CUST0561,2026-05-31 00:11:47,survey_feedback,"We tried to make it work but it just doesnt fit our workflow anymore, sorry to go, just flagging it.",sadness,bad
ROW01178,CUST0737,2026-07-20 17:25:18,call_transcript,uh kind of bummed they you know removed the old reporting view honestly i really relied on that for my weekly standups,sadness,bad
ROW01179,CUST0474,2026-05-08 21:13:27,call_transcript,your um team uh fixed my ticket like within an hour way faster than i expected,joy,good
ROW01180,CUST0175,2026-03-13 03:51:00,call_transcript,honestly we just stopped seeing the point of it kind of sad it didnt work you know out for us in the end,sadness,bad
ROW01181,CUST0592,2026-05-11 18:01:10,survey_feedback,"Just wanted to say, the free trial silently converted to a paid plan without any reminder, wanted to put that on record.",disgust,bad
ROW01182,CUST0708,2026-06-15 02:46:03,call_transcript,we uh really wanted this to work out it just like didnt end up being um the right fit,sadness,bad
ROW01183,CUST0262,2026-04-28 04:18:09,survey_feedback,"Honestly, is my data actually backed up somewhere, im a bit nervous about losing my project files.",fear,bad
ROW01184,CUST0689,2026-07-27 13:58:17,call_transcript,wasnt expecting um support to respond this fast on a like weekend really impressed,surprise,good
ROW01185,CUST0492,2026-03-31 19:18:50,call_transcript,you sell you know our usage data to third parties without making that clear honestly anywhere,disgust,bad
ROW01186,CUST0580,2026-07-13 22:52:42,call_transcript,your team fixed my ticket within an hour uh way faster like than i expected,joy,good
ROW01187,CUST0088,2026-06-16 19:28:58,survey_feedback,"Ok so wasnt expecting our whole team to get logged out with zero warning during the outage, wanted to put that on record.",surprise,bad
ROW01188,CUST0668,2026-07-22 19:39:31,call_transcript,so did not realize the new you know plan tier uh included that feature for free i mean pleasantly surprised,surprise,good
ROW01189,CUST0149,2026-06-25 09:18:54,survey_feedback,"Just wanted to say, havent really had time to dig into the new features, still just using it for the basics.",neutral,neutral
ROW01190,CUST0315,2026-07-18 20:55:20,survey_feedback,"Ok so not much to report this month, usage has been about the same as usual.",neutral,neutral
ROW01191,CUST0406,2026-07-07 10:39:53,survey_feedback,"Not gonna lie, you sell our usage data to third parties without making that clear anywhere, wanted to put that on record.",disgust,bad
ROW01192,CUST0191,2026-06-01 14:42:54,survey_feedback,"Not gonna lie, the onboarding checklist made getting started genuinely painless, just flagging it!",joy,good
ROW01193,CUST0614,2026-07-29 08:28:29,survey_feedback,"Quick note, teams still using it but adoption across departments has been slower than we hoped.",neutral,neutral
ROW01194,CUST0533,2026-06-08 22:41:03,call_transcript,kind of bummed they you know removed the old reporting view i really relied on that honestly for my weekly standups,sadness,bad
ROW01195,CUST0445,2026-05-16 00:38:15,survey_feedback,"Just wanted to say, your api rate limit is blocking our entire workflow during our busiest hours, just flagging it.",anger,bad
ROW01196,CUST0250,2026-07-18 10:51:36,call_transcript,honestly teams still using it but adoption across departments has been slower than we hoped like,neutral,neutral
ROW01197,CUST0154,2026-03-22 09:24:08,call_transcript,loving how simple this is for a one person shop honestly does exactly what i need,joy,good
ROW01198,CUST0668,2026-08-12 07:42:57,call_transcript,im concerned we wont honestly be able to uh export everything if we ever need to leave like,fear,bad
ROW01199,CUST0593,2026-07-22 00:17:22,survey_feedback,"Honestly, still one of the best tools we use day to day, genuinely happy with it.",joy,good
ROW01200,CUST0454,2026-07-31 04:04:03,survey_feedback,Didnt realize the free trial would auto convert without reminding us first!,surprise,bad
ROW01201,CUST0465,2026-07-23 16:48:37,survey_feedback,"Honestly, can someone confirm if our renewal date changed before next quarter, figured id mention it.",neutral,neutral
ROW01202,CUST0640,2026-04-15 18:01:09,survey_feedback,"Not gonna lie, were just a little disappointed cause the old template feature got taken away, wanted to put that on record!",sadness,bad
ROW01203,CUST0133,2026-06-01 16:36:12,call_transcript,im not uh confident the new permissions setup honestly is you know actually secure,fear,bad
ROW01204,CUST0514,2026-06-02 16:23:24,call_transcript,the fine honestly print on the uh renewal terms feels deliberately misleading,disgust,bad
ROW01205,CUST0551,2026-08-01 01:28:36,call_transcript,the way you buried um the cancel button in like three different menus feels really i mean shady,disgust,bad
ROW01206,CUST0253,2026-05-13 05:37:27,call_transcript,so whats the uh difference honestly between the pro and enterprise support tiers exactly i mean,neutral,neutral
ROW01207,CUST0244,2026-07-19 00:17:51,call_transcript,i had i mean to explain the same honestly issue like to three different agents and got nowhere,anger,bad
ROW01208,CUST0095,2026-03-24 00:14:26,call_transcript,uh your api rate limit is blocking like our entire workflow during our busiest hours,anger,bad
ROW01209,CUST0148,2026-03-26 20:10:24,call_transcript,so still kind of missing the you know old templates weve just been uh doing things manually since,sadness,bad
ROW01210,CUST0014,2026-06-29 09:58:59,survey_feedback,"Ok so is there a way to export invoices as csv instead of pdf, figured id mention it!",neutral,neutral
ROW01211,CUST0713,2026-02-22 08:17:40,call_transcript,um the fine print on honestly the renewal terms like feels deliberately misleading,disgust,bad
ROW01212,CUST0513,2026-04-07 14:32:07,survey_feedback,"Our compliance team is asking about your data retention policy and i dont have answers, wanted to put that on record.",fear,bad
ROW01213,CUST0404,2026-08-04 20:30:24,call_transcript,i keep getting charged i mean for seats we already removed weeks uh ago,anger,bad
ROW01214,CUST0084,2026-06-06 22:28:55,survey_feedback,So we lost two days of data during the migration and support took way too long to respond.,anger,bad
ROW01215,CUST0424,2026-08-05 15:55:02,call_transcript,so wasnt expecting our whole team to like get logged out with honestly zero warning during the outage,surprise,bad
ROW01216,CUST0114,2026-06-26 03:03:57,call_transcript,i mean the integration broke after your last update and nobody warned us it was coming,anger,bad
ROW01217,CUST0442,2026-08-11 22:49:43,call_transcript,my card was declined and it locked me out like of my own account for a whole day,anger,bad
ROW01218,CUST0101,2026-05-12 22:09:07,call_transcript,wasnt expecting our whole team um to get logged you know out with zero warning during the outage honestly,surprise,bad
ROW01219,CUST0674,2026-03-25 02:40:19,survey_feedback,"Im concerned we wont be able to export everything if we ever need to leave, wanted to put that on record.",fear,bad
ROW01220,CUST0042,2026-06-20 17:09:42,survey_feedback,"Honestly, support tried to guilt trip me into staying instead of just helping me cancel, just flagging it.",disgust,bad
ROW01221,CUST0483,2026-06-17 12:11:46,call_transcript,kind of bummed they removed the old reporting view like i really relied on that for my weekly standups,sadness,bad
ROW01222,CUST0556,2026-03-04 09:27:17,survey_feedback,"So wondering if the api has a sandbox environment for testing, figured id mention it.",neutral,neutral
ROW01223,CUST0554,2026-07-04 20:38:58,survey_feedback,"Ok so wanted to ask if theres a bulk import option for existing records, just flagging it.",neutral,neutral
ROW01224,CUST0503,2026-04-25 19:57:57,call_transcript,so you keep auto enrolling us honestly in paid add ons we never asked for,disgust,bad
ROW01225,CUST0044,2026-07-05 12:50:14,call_transcript,im concerned we wont you know be able to export everything if we uh ever like need to leave,fear,bad
ROW01226,CUST0007,2026-04-18 00:23:13,survey_feedback,"Quick note, you guys charged me twice this month and nobody on chat could explain why.",anger,bad
ROW01227,CUST0346,2026-07-14 01:20:44,call_transcript,i mean support keeps closing my honestly ticket without actually uh fixing anything,anger,bad
ROW01228,CUST0556,2026-04-14 13:01:43,call_transcript,you know wasnt expecting our whole team to get logged out with like zero warning during the outage,surprise,bad
ROW01229,CUST0580,2026-03-18 13:28:01,survey_feedback,"Havent really had time to dig into the new features, still just using it for the basics, figured id mention it.",neutral,neutral
ROW01230,CUST0428,2026-05-07 03:25:58,survey_feedback,"Quick note, kind of bummed they removed the old reporting view, i really relied on that for my weekly standups.",sadness,bad
ROW01231,CUST0378,2026-03-12 17:06:26,call_transcript,im worried this outage means our customer data i mean was exposed somehow,fear,bad
ROW01232,CUST0226,2026-03-02 06:16:30,survey_feedback,"Quick note, finally managed to cancel after 20 minutes of being redirected between pages, wanted to put that on record.",anger,bad
ROW01233,CUST0605,2026-06-02 08:40:50,call_transcript,wasnt expecting our whole team to get logged out with zero warning during the outage i mean,surprise,bad
ROW01234,CUST0376,2026-04-16 00:45:36,survey_feedback,The redesigned reporting view is so much easier to read than before!,joy,good
ROW01235,CUST0621,2026-08-06 17:03:43,call_transcript,so the fine print on honestly the renewal terms feels deliberately misleading,disgust,bad
ROW01236,CUST0747,2026-03-18 17:20:06,call_transcript,teams still using it but adoption across departments has been slower than we hoped uh,neutral,neutral
ROW01237,CUST0158,2026-05-07 03:27:14,call_transcript,so a bit concerned about the um response times lately our tickets have been sitting longer than usual,fear,bad
ROW01238,CUST0633,2026-08-13 14:08:46,survey_feedback,"So the new integration took five minutes to set up and just worked, just flagging it!",joy,good
ROW01239,CUST0178,2026-05-10 10:33:10,call_transcript,you guys charged me twice this i mean month and nobody on chat could explain why,anger,bad
ROW01240,CUST0091,2026-05-28 07:00:23,call_transcript,uh can someone confirm if our renewal like date changed before next quarter,neutral,neutral
ROW01241,CUST0173,2026-03-22 14:23:53,survey_feedback,"Just wanted to say, didnt expect the migration to go this smoothly, no issues at all, just flagging it.",surprise,good
ROW01242,CUST0700,2026-03-25 15:14:45,call_transcript,so a bit concerned about the like response times lately our tickets have been sitting longer than usual,fear,bad
ROW01243,CUST0646,2026-03-31 03:45:35,call_transcript,kind of like sad i mean our whole team has just quietly stopped using half the features we used uh to love,sadness,bad
ROW01244,CUST0034,2026-06-21 08:05:36,survey_feedback,"Quick note, weve had four outages this quarter and every time we call support its a 40 minute wait, just flagging it.",anger,bad
ROW01245,CUST0729,2026-06-18 17:22:57,survey_feedback,"So we lost two days of data during the migration and support took way too long to respond, just flagging it.",anger,bad
ROW01246,CUST0323,2026-07-29 09:00:22,survey_feedback,"Quick note, your api rate limit is blocking our entire workflow during our busiest hours, wanted to put that on record!",anger,bad
ROW01247,CUST0690,2026-07-30 03:07:24,call_transcript,is you know my data uh actually backed up somewhere im a bit nervous about losing my project files,fear,bad
ROW01248,CUST0303,2026-06-05 08:08:38,survey_feedback,"Checking whether the new update changes anything for our current workflow, just flagging it.",neutral,neutral
ROW01249,CUST0729,2026-04-04 04:11:05,call_transcript,honestly we just stopped seeing the point of it kind of sad it didnt work out for us in uh the end,sadness,bad
ROW01250,CUST0041,2026-05-19 08:25:17,survey_feedback,"Not gonna lie, is my data actually backed up somewhere, im a bit nervous about losing my project files, just flagging it.",fear,bad
ROW01251,CUST0212,2026-04-02 16:48:10,call_transcript,so we lost two days of data during honestly the um migration and support took way too long to respond,anger,bad
ROW01252,CUST0346,2026-07-06 20:51:31,survey_feedback,So our compliance team is asking about your data retention policy and i dont have answers.,fear,bad
ROW01253,CUST0691,2026-04-09 07:11:04,survey_feedback,"Quick note, the export feature has been broken for a week and support still hasnt replied, wanted to put that on record.",anger,bad
ROW01254,CUST0190,2026-07-19 14:41:24,call_transcript,loving how you know simple this is for a one person shop does exactly uh what i need,joy,good
ROW01255,CUST0201,2026-05-30 08:25:07,call_transcript,so the fine print on the renewal terms feels deliberately uh misleading,disgust,bad
ROW01256,CUST0031,2026-03-08 15:46:07,survey_feedback,"Quick note, the free trial silently converted to a paid plan without any reminder, just flagging it.",disgust,bad
ROW01257,CUST0399,2026-03-06 01:26:41,call_transcript,so didnt realize the i mean free trial would auto convert without honestly reminding us first,surprise,bad
ROW01258,CUST0436,2026-03-26 00:13:37,call_transcript,havent you know really had time to honestly dig into the new features still uh just using it for the basics,neutral,neutral
ROW01259,CUST0420,2026-04-04 18:01:00,survey_feedback,Whats the difference between the pro and enterprise support tiers exactly.,neutral,neutral
ROW01260,CUST0664,2026-07-27 05:58:22,call_transcript,the way um you buried the cancel like button i mean in three different menus feels really shady,disgust,bad
ROW01261,CUST0636,2026-05-29 06:05:51,survey_feedback,"Ok so did not expect the price to jump that much on renewal, nobody mentioned it in the email, just flagging it.",surprise,bad
ROW01262,CUST0749,2026-07-21 15:33:52,survey_feedback,The mobile app finally works flawlessly even with our full dataset loaded.,joy,good
ROW01263,CUST0429,2026-03-05 17:04:19,call_transcript,honestly we uh just stopped seeing the point of it kind of sad it you know didnt work out for us in the end,sadness,bad
ROW01264,CUST0482,2026-05-05 05:15:01,survey_feedback,"Quick note, not sure what happens to our account if the payment fails again next month, just flagging it.",fear,bad
ROW01265,CUST0081,2026-06-14 11:24:12,survey_feedback,"Ok so still kind of missing the old templates, weve just been doing things manually since.",sadness,bad
ROW01266,CUST0146,2026-03-17 12:22:21,call_transcript,did not realize the new like plan i mean tier included that feature for free pleasantly surprised honestly,surprise,good
ROW01267,CUST0565,2026-06-08 20:15:33,call_transcript,ive called three uh times you know now and nobody's like fixed the billing thing,anger,bad
ROW01268,CUST0117,2026-05-13 15:40:35,survey_feedback,"So kind of bummed they removed the old reporting view, i really relied on that for my weekly standups, just flagging it!",sadness,bad
ROW01269,CUST0505,2026-06-07 21:20:16,call_transcript,kind of sad our whole team has just quietly stopped using half the features uh we used to love,sadness,bad
ROW01270,CUST0185,2026-05-31 00:34:18,call_transcript,were just a little disappointed cause the like old template feature got taken i mean away,sadness,bad
ROW01271,CUST0039,2026-07-04 21:35:34,call_transcript,i mean its fine like does what you know we need i guess,neutral,neutral
ROW01272,CUST0398,2026-07-13 11:43:45,call_transcript,just i mean confirming our seat count before the next billing cycle,neutral,neutral
ROW01273,CUST0075,2026-04-17 06:24:20,survey_feedback,"Not gonna lie, support walked me through the backup settings and now i feel a lot better about it, figured id mention it.",joy,good
ROW01274,CUST0215,2026-05-21 21:17:47,call_transcript,switching from spreadsheets to honestly this has saved our whole team hours every week,joy,good
ROW01275,CUST0354,2026-07-08 08:16:16,call_transcript,the account you know manager checked in on us again today honestly really appreciate how proactive support has been,joy,good
ROW01276,CUST0091,2026-07-27 23:55:12,survey_feedback,"Ok so wasnt expecting support to respond this fast on a weekend, really impressed!",surprise,good
ROW01277,CUST0224,2026-06-12 03:36:00,survey_feedback,"Not gonna lie, im worried that if i migrate my data over to the new plan i might lose everything, wanted to put that on record!",fear,bad
ROW01278,CUST0655,2026-08-10 21:51:38,call_transcript,so wondering if the api you know has honestly a sandbox environment for testing um,neutral,neutral
ROW01279,CUST0235,2026-07-29 22:58:10,survey_feedback,"Just wanted to say, im nervous the price is going to jump again at the next renewal, figured id mention it!",fear,bad
ROW01280,CUST0428,2026-08-20 12:03:26,call_transcript,support tried to guilt like trip me i mean into staying instead you know of just helping me cancel,disgust,bad
ROW01281,CUST0582,2026-04-26 17:21:09,survey_feedback,"Just wanted to say, im worried this outage means our customer data was exposed somehow, wanted to put that on record.",fear,bad
ROW01282,CUST0193,2026-07-15 08:39:23,call_transcript,so we uh tried to make it work but it um just doesnt fit our workflow like anymore sorry to go,sadness,bad
ROW01283,CUST0323,2026-04-28 21:29:01,call_transcript,you keep auto enrolling us like in paid add um ons we never uh asked for,disgust,bad
ROW01284,CUST0600,2026-07-13 12:02:39,call_transcript,like did not realize the new plan i mean tier included that feature for free pleasantly surprised,surprise,good
ROW01285,CUST0069,2026-06-27 02:34:24,survey_feedback,"Wasnt expecting support to respond this fast on a weekend, really impressed, figured id mention it!",surprise,good
ROW01286,CUST0570,2026-06-08 03:26:58,survey_feedback,"Ok so the mobile app finally works flawlessly even with our full dataset loaded, wanted to put that on record.",joy,good
ROW01287,CUST0420,2026-02-26 00:26:52,call_transcript,you sell our usage data to third parties without making that i mean clear anywhere,disgust,bad
ROW01288,CUST0649,2026-05-14 09:43:53,survey_feedback,"Not gonna lie, didnt realize the free trial would auto convert without reminding us first.",surprise,bad
ROW01289,CUST0603,2026-06-02 21:50:06,survey_feedback,"So the redesigned reporting view is so much easier to read than before, figured id mention it.",joy,good
ROW01290,CUST0406,2026-04-19 00:35:00,call_transcript,can honestly someone confirm if our renewal date like changed before next quarter,neutral,neutral
ROW01291,CUST0297,2026-05-14 23:04:52,survey_feedback,"Were just a little disappointed cause the old template feature got taken away, wanted to put that on record.",sadness,bad
ROW01292,CUST0072,2026-08-20 23:02:43,survey_feedback,"So the fine print on the renewal terms feels deliberately misleading, wanted to put that on record.",disgust,bad
ROW01293,CUST0629,2026-03-21 17:00:10,survey_feedback,"Honestly, you guys charged me twice this month and nobody on chat could explain why, figured id mention it.",anger,bad
ROW01294,CUST0207,2026-07-30 17:54:31,call_transcript,you like sell our usage data to third parties without making that clear i mean anywhere honestly,disgust,bad
ROW01295,CUST0469,2026-06-08 05:16:26,survey_feedback,"Switching from spreadsheets to this has saved our whole team hours every week, just flagging it.",joy,good
ROW01296,CUST0120,2026-06-05 10:56:19,survey_feedback,"So the redesigned reporting view is so much easier to read than before, just flagging it.",joy,good
ROW01297,CUST0083,2026-06-17 22:45:06,call_transcript,uh wasnt um expecting our whole team to get logged out with zero warning during the outage,surprise,bad
ROW01298,CUST0596,2026-03-09 09:54:40,survey_feedback,"Not gonna lie, wondering if the api has a sandbox environment for testing.",neutral,neutral
ROW01299,CUST0241,2026-03-09 15:24:14,survey_feedback,"Just wanted to say, im not confident the new permissions setup is actually secure, just flagging it!",fear,bad
ROW01300,CUST0348,2026-06-24 08:01:00,survey_feedback,"Honestly, honestly we just stopped seeing the point of it, kind of sad it didnt work out for us in the end.",sadness,bad
ROW01301,CUST0238,2026-07-30 04:59:20,call_transcript,so im scared we're uh going to lose our historical reports if we switch plans,fear,bad
ROW01302,CUST0537,2026-07-02 18:48:08,survey_feedback,"Honestly, customer support read from a script the entire time and never actually listened.",disgust,bad
ROW01303,CUST0591,2026-03-29 19:13:47,survey_feedback,"Honestly, a bit concerned about the response times lately, our tickets have been sitting longer than usual, just flagging it.",fear,bad
ROW01304,CUST0657,2026-05-22 11:12:54,call_transcript,so did not expect the price to jump uh that much on renewal nobody mentioned it in the email,surprise,bad
ROW01305,CUST0411,2026-04-22 13:44:08,survey_feedback,"Honestly, checking whether the new update changes anything for our current workflow, just flagging it.",neutral,neutral
ROW01306,CUST0218,2026-07-10 04:07:02,survey_feedback,"Not gonna lie, the redesigned reporting view is so much easier to read than before.",joy,good
ROW01307,CUST0230,2026-02-22 05:04:52,survey_feedback,"Honestly, does the pro plan include api access or do i need the enterprise tier for that.",neutral,neutral
ROW01308,CUST0208,2026-03-20 14:39:32,survey_feedback,"Didnt expect the migration to go this smoothly, no issues at all.",surprise,good
ROW01309,CUST0285,2026-03-19 23:50:07,survey_feedback,"Honestly, the fine print on the renewal terms feels deliberately misleading, just flagging it.",disgust,bad
ROW01310,CUST0498,2026-05-14 13:08:55,survey_feedback,"Quick note, its disappointing watching a tool we used to love slowly stop fitting what we need, figured id mention it.",sadness,bad
ROW01311,CUST0637,2026-04-19 08:05:13,call_transcript,weve honestly had four outages this quarter and every time we call i mean support its um a 40 minute wait,anger,bad
ROW01312,CUST0391,2026-06-10 14:07:31,survey_feedback,"Just wanted to say, did not expect the new integration to be this easy to set up, honestly impressed.",surprise,good
ROW01313,CUST0551,2026-03-17 23:46:31,survey_feedback,"Not gonna lie, support walked me through the backup settings and now i feel a lot better about it, wanted to put that on record.",joy,good
ROW01314,CUST0507,2026-04-01 14:24:20,survey_feedback,"Not gonna lie, im not confident the new permissions setup is actually secure, just flagging it.",fear,bad
ROW01315,CUST0616,2026-05-07 17:11:41,call_transcript,honestly we just stopped you know seeing the point of it kind of sad it didnt work out for us in the end,sadness,bad
ROW01316,CUST0049,2026-03-09 15:52:30,call_transcript,we really wanted honestly this to work out it just didnt end up being the right fit,sadness,bad
ROW01317,CUST0184,2026-05-05 17:48:24,call_transcript,so the whole downgrade flow is i mean designed to be like as confusing as possible,disgust,bad
ROW01318,CUST0366,2026-05-25 03:06:24,call_transcript,whats the difference between the pro and honestly enterprise support tiers exactly,neutral,neutral
ROW01319,CUST0011,2026-02-24 19:19:21,survey_feedback,"Just wanted to say, im not confident the new permissions setup is actually secure, figured id mention it.",fear,bad
ROW01320,CUST0218,2026-07-14 12:32:27,call_transcript,i like keep getting charged for seats we already um removed weeks ago,anger,bad
ROW01321,CUST0575,2026-05-27 03:24:09,survey_feedback,"Still one of the best tools we use day to day, genuinely happy with it, wanted to put that on record!",joy,good
ROW01322,CUST0147,2026-04-19 13:13:27,survey_feedback,"Just wanted to say, does the pro plan include api access or do i need the enterprise tier for that, just flagging it!",neutral,neutral
ROW01323,CUST0208,2026-06-11 01:25:18,survey_feedback,"Quick note, the free trial silently converted to a paid plan without any reminder.",disgust,bad
ROW01324,CUST0579,2026-05-02 05:22:34,survey_feedback,"The new integration took five minutes to set up and just worked, just flagging it!",joy,good
ROW01325,CUST0125,2026-05-18 19:06:01,call_transcript,you guys charged me twice this month i mean and nobody on chat could explain you know why,anger,bad
ROW01326,CUST0295,2026-06-12 15:28:14,call_transcript,so finally like managed to cancel honestly after i mean 20 minutes of being redirected between pages,anger,bad
ROW01327,CUST0712,2026-04-22 14:22:32,survey_feedback,"Just wanted to say, our compliance team is asking about your data retention policy and i dont have answers, figured id mention it.",fear,bad
ROW01328,CUST0741,2026-07-12 06:38:38,survey_feedback,"Ok so im worried that if i migrate my data over to the new plan i might lose everything, wanted to put that on record.",fear,bad
ROW01329,CUST0611,2026-08-12 03:03:29,call_transcript,kind of bummed they removed the old reporting view i really relied you know on that for my weekly standups,sadness,bad
ROW01330,CUST0071,2026-05-23 00:49:22,survey_feedback,"The account manager checked in on us again today, really appreciate how proactive support has been, just flagging it!",joy,good
ROW01331,CUST0600,2026-03-24 20:57:19,call_transcript,so we tried to uh make it work but it just doesnt fit our workflow anymore i mean sorry to go,sadness,bad
ROW01332,CUST0006,2026-05-21 13:36:34,call_transcript,we uh lost two um days of data honestly during the migration and support took way too long to respond,anger,bad
ROW01333,CUST0147,2026-08-03 14:47:37,survey_feedback,Ok so can someone confirm if our renewal date changed before next quarter!,neutral,neutral
ROW01334,CUST0624,2026-07-07 07:23:23,call_transcript,so you sell our usage data to third parties without um making like that you know clear anywhere,disgust,bad
ROW01335,CUST0404,2026-06-21 08:11:51,call_transcript,you know we really wanted this um to work out it just didnt end up being the right fit,sadness,bad
ROW01336,CUST0044,2026-02-28 10:28:43,survey_feedback,"Honestly, still kind of missing the old templates, weve just been doing things manually since, figured id mention it.",sadness,bad
ROW01337,CUST0630,2026-07-31 14:04:03,call_transcript,is there a way to honestly export invoices as csv instead of pdf,neutral,neutral
ROW01338,CUST0145,2026-03-20 15:21:32,call_transcript,so your team fixed my you know ticket within an hour way faster than i expected,joy,good
ROW01339,CUST0541,2026-02-25 23:52:27,survey_feedback,So the fine print on the renewal terms feels deliberately misleading.,disgust,bad
ROW01340,CUST0264,2026-03-03 09:12:51,call_transcript,you know not much to report this month usage has been about the same as usual honestly,neutral,neutral
ROW01341,CUST0633,2026-03-28 09:25:17,call_transcript,not much to report i mean this month usage has you know been about the same as usual,neutral,neutral
ROW01342,CUST0505,2026-08-15 21:45:44,call_transcript,you know the marketing emails dont stop no matter how i mean many times i unsubscribe,disgust,bad
ROW01343,CUST0313,2026-03-08 21:14:54,call_transcript,the feature honestly we asked about last year still hasnt shown up and weve kind of given up hope,sadness,bad
ROW01344,CUST0676,2026-08-09 03:07:39,call_transcript,the redesigned reporting view like is um so much easier to i mean read than before,joy,good
ROW01345,CUST0169,2026-05-19 14:03:15,call_transcript,um the feature we asked about last year still hasnt shown up and you know weve kind of uh given up hope,sadness,bad
ROW01346,CUST0731,2026-07-13 22:47:11,survey_feedback,"Customer support read from a script the entire time and never actually listened, figured id mention it!",disgust,bad
ROW01347,CUST0038,2026-07-26 10:04:16,call_transcript,honestly we just stopped seeing the point of it kind of sad um it didnt work out for us in the end,sadness,bad
ROW01348,CUST0393,2026-06-08 18:29:05,survey_feedback,"So honestly we just stopped seeing the point of it, kind of sad it didnt work out for us in the end, wanted to put that on record.",sadness,bad
ROW01349,CUST0123,2026-04-30 13:31:16,call_transcript,weve had four you know outages this quarter and every time honestly we call support its a uh 40 minute wait,anger,bad
ROW01350,CUST0201,2026-06-29 06:08:18,survey_feedback,"So a bit concerned about the response times lately, our tickets have been sitting longer than usual.",fear,bad
ROW01351,CUST0439,2026-04-27 11:59:52,survey_feedback,"Not gonna lie, the onboarding checklist made getting started genuinely painless.",joy,good
ROW01352,CUST0551,2026-03-29 06:44:27,survey_feedback,Ok so the marketing emails dont stop no matter how many times i unsubscribe.,disgust,bad
ROW01353,CUST0446,2026-04-04 13:34:31,survey_feedback,"Not gonna lie, not much to report this month, usage has been about the same as usual, figured id mention it.",neutral,neutral
ROW01354,CUST0371,2026-06-23 14:20:47,call_transcript,your api rate like limit is blocking our entire workflow during our busiest hours,anger,bad
ROW01355,CUST0081,2026-06-20 02:00:36,survey_feedback,"I had to explain the same issue to three different agents and got nowhere, just flagging it.",anger,bad
ROW01356,CUST0212,2026-03-25 02:20:05,call_transcript,so kind of sad our whole team has um just quietly stopped using half the features we i mean used to honestly love,sadness,bad
ROW01357,CUST0127,2026-05-10 17:09:26,survey_feedback,"Not gonna lie, wasnt expecting support to respond this fast on a weekend, really impressed, figured id mention it!",surprise,good
ROW01358,CUST0309,2026-04-12 02:40:26,call_transcript,wasnt expecting the feature we rely i mean on to just disappear without any uh notice,surprise,bad
ROW01359,CUST0012,2026-03-24 13:07:17,survey_feedback,"Honestly, im nervous the price is going to jump again at the next renewal!",fear,bad
ROW01360,CUST0496,2026-04-08 21:11:56,call_transcript,you guys charged like me twice this month and nobody honestly on you know chat could explain why,anger,bad
ROW01361,CUST0313,2026-04-29 15:56:11,call_transcript,uh its fine does what we need i guess,neutral,neutral
ROW01362,CUST0102,2026-05-06 10:22:57,call_transcript,so were just a little disappointed cause you know the old template feature got taken away,sadness,bad
ROW01363,CUST0093,2026-05-23 16:38:48,call_transcript,we i mean tried to make it work but it just doesnt fit our workflow anymore sorry to go,sadness,bad
ROW01364,CUST0610,2026-06-17 08:30:49,survey_feedback,"Ok so your team fixed my ticket within an hour, way faster than i expected, wanted to put that on record.",joy,good
ROW01365,CUST0175,2026-06-23 02:39:02,call_transcript,can uh someone confirm if um our renewal date changed before next quarter,neutral,neutral
ROW01366,CUST0154,2026-06-26 07:19:21,survey_feedback,"Not gonna lie, the new dashboard update is amazing, it saved me so much time this week.",joy,good
ROW01367,CUST0671,2026-06-15 18:15:34,survey_feedback,"Honestly, the onboarding checklist made getting started genuinely painless!",joy,good
ROW01368,CUST0168,2026-08-15 19:23:27,call_transcript,um the feature we honestly asked about last year like still hasnt shown up and weve kind of given up hope,sadness,bad
ROW01369,CUST0503,2026-05-30 14:32:39,survey_feedback,"So the feature we asked about last year still hasnt shown up and weve kind of given up hope, figured id mention it!",sadness,bad
ROW01370,CUST0018,2026-05-21 17:30:08,survey_feedback,"Honestly, ive called three times now and nobody's fixed the billing thing.",anger,bad
ROW01371,CUST0182,2026-07-22 11:43:15,call_transcript,kind of bummed they removed the old reporting view i really relied on that you know for my weekly standups,sadness,bad
ROW01372,CUST0666,2026-07-25 10:38:06,call_transcript,um the integration broke after your last update and nobody warned us it was coming,anger,bad
ROW01373,CUST0601,2026-03-28 18:30:17,survey_feedback,"Just wanted to say, ive called three times now and nobody's fixed the billing thing.",anger,bad
ROW01374,CUST0408,2026-06-30 07:42:18,survey_feedback,"Just wanted to say, the mobile app finally works flawlessly even with our full dataset loaded, wanted to put that on record.",joy,good
ROW01375,CUST0153,2026-06-16 07:22:35,survey_feedback,"Not gonna lie, wanted to ask if theres a bulk import option for existing records, figured id mention it.",neutral,neutral
ROW01376,CUST0579,2026-07-24 18:02:31,survey_feedback,"Just wanted to say, checking whether the new update changes anything for our current workflow.",neutral,neutral
ROW01377,CUST0540,2026-03-10 19:04:17,call_transcript,did not expect the new integration to be this uh easy like to set up honestly you know impressed,surprise,good
ROW01378,CUST0456,2026-04-06 10:44:02,call_transcript,wasnt expecting support you know to respond this fast on a weekend really impressed,surprise,good
ROW01379,CUST0729,2026-08-11 07:15:47,call_transcript,so is my data uh actually backed like up somewhere im a bit i mean nervous about losing my project files,fear,bad
ROW01380,CUST0108,2026-08-02 09:04:19,call_transcript,still kind of missing like the i mean old templates weve um just been doing things manually since,sadness,bad
ROW01381,CUST0199,2026-04-29 01:56:21,survey_feedback,Ok so does the pro plan include api access or do i need the enterprise tier for that.,neutral,neutral
ROW01382,CUST0268,2026-06-24 07:03:41,survey_feedback,"Just wanted to say, you keep auto enrolling us in paid add ons we never asked for, just flagging it!",disgust,bad
ROW01383,CUST0511,2026-08-10 08:26:07,call_transcript,you know i keep getting like charged for seats we already removed weeks ago honestly,anger,bad
ROW01384,CUST0646,2026-06-06 12:58:08,call_transcript,so still one of the best honestly tools we use day to day genuinely uh happy with it like,joy,good
ROW01385,CUST0227,2026-07-21 00:00:45,call_transcript,the feature honestly we asked about last i mean year still hasnt shown up and weve kind of given up hope,sadness,bad
ROW01386,CUST0647,2026-02-26 07:02:17,survey_feedback,"Honestly, you guys charged me twice this month and nobody on chat could explain why, figured id mention it!",anger,bad
ROW01387,CUST0549,2026-06-27 11:06:55,survey_feedback,So you keep auto enrolling us in paid add ons we never asked for.,disgust,bad
ROW01388,CUST0182,2026-06-07 08:44:28,call_transcript,the fine print on uh the renewal terms feels deliberately misleading,disgust,bad
ROW01389,CUST0390,2026-06-07 00:35:53,call_transcript,wasnt expecting our whole team to get logged out uh with you know zero warning during the outage,surprise,bad
ROW01390,CUST0168,2026-06-30 22:26:06,survey_feedback,"Honestly, switching from spreadsheets to this has saved our whole team hours every week.",joy,good
ROW01391,CUST0565,2026-05-26 03:39:51,survey_feedback,"Just wanted to say, is my data actually backed up somewhere, im a bit nervous about losing my project files, wanted to put that on record.",fear,bad
ROW01392,CUST0289,2026-05-26 23:23:51,call_transcript,so the like marketing emails dont stop no matter how many honestly times i unsubscribe you know,disgust,bad
ROW01393,CUST0260,2026-05-20 14:00:52,call_transcript,the export feature has you know been broken for a like week and support still hasnt replied,anger,bad
ROW01394,CUST0277,2026-07-25 03:04:23,call_transcript,i keep getting charged for uh seats we already removed weeks um ago,anger,bad
ROW01395,CUST0109,2026-07-17 08:29:27,survey_feedback,"So the new integration took five minutes to set up and just worked, figured id mention it.",joy,good
ROW01396,CUST0746,2026-08-12 09:16:40,survey_feedback,"Quick note, did not expect the new integration to be this easy to set up, honestly impressed.",surprise,good
ROW01397,CUST0572,2026-04-08 21:55:53,survey_feedback,"Checking whether the new update changes anything for our current workflow, wanted to put that on record.",neutral,neutral
ROW01398,CUST0593,2026-03-11 10:11:14,call_transcript,the new integration took five minutes to set uh up and um just worked,joy,good
ROW01399,CUST0555,2026-07-07 23:21:54,call_transcript,you know not honestly sure what happens to our account if the payment um fails again next month,fear,bad
ROW01400,CUST0507,2026-06-26 18:27:42,call_transcript,like the i mean fine print on the renewal terms um feels deliberately misleading,disgust,bad
ROW01401,CUST0240,2026-06-23 17:24:05,call_transcript,wasnt expecting you know our whole team i mean to get logged out with zero warning honestly during the outage,surprise,bad
ROW01402,CUST0743,2026-06-01 01:36:00,call_transcript,the fine print uh on the renewal terms feels you know deliberately misleading um,disgust,bad
ROW01403,CUST0482,2026-08-04 00:19:44,survey_feedback,"Honestly, the whole downgrade flow is designed to be as confusing as possible, wanted to put that on record.",disgust,bad
ROW01404,CUST0561,2026-08-06 02:34:24,survey_feedback,"Just wanted to say, the new dashboard update is amazing, it saved me so much time this week.",joy,good
ROW01405,CUST0001,2026-08-02 03:57:21,survey_feedback,"Honestly, did not realize the new plan tier included that feature for free, pleasantly surprised.",surprise,good
ROW01406,CUST0749,2026-06-07 04:33:34,call_transcript,um im worried this outage i mean means our customer data was exposed somehow,fear,bad
ROW01407,CUST0302,2026-03-10 16:55:23,call_transcript,so wasnt honestly expecting support to respond this fast on a you know weekend like really impressed,surprise,good
ROW01408,CUST0417,2026-08-05 10:40:05,call_transcript,ive honestly called three times now and nobody's fixed the billing thing,anger,bad
ROW01409,CUST0384,2026-07-05 09:32:14,call_transcript,did not um realize the new plan tier included that feature like for free pleasantly surprised,surprise,good
ROW01410,CUST0168,2026-07-07 02:48:27,call_transcript,the marketing emails dont stop no matter how like many times i unsubscribe,disgust,bad
ROW01411,CUST0042,2026-03-20 20:05:37,call_transcript,wasnt expecting the feature like we rely on to just disappear um without any notice,surprise,bad
ROW01412,CUST0621,2026-06-25 23:58:08,survey_feedback,"Not gonna lie, im worried that if i migrate my data over to the new plan i might lose everything, figured id mention it.",fear,bad
ROW01413,CUST0691,2026-05-16 21:45:23,survey_feedback,"Ok so wasnt expecting support to respond this fast on a weekend, really impressed, figured id mention it.",surprise,good
ROW01414,CUST0702,2026-03-28 22:44:19,call_transcript,the redesigned reporting honestly view is so much easier to read you know than before like,joy,good
ROW01415,CUST0045,2026-05-21 07:52:55,survey_feedback,"Honestly, the account manager checked in on us again today, really appreciate how proactive support has been, just flagging it.",joy,good
ROW01416,CUST0646,2026-03-08 05:41:16,call_transcript,still kind of missing the like old templates weve just been doing things uh manually since,sadness,bad
ROW01417,CUST0581,2026-04-19 21:57:11,call_transcript,kind of sad our honestly whole team has just quietly stopped using um half the features we used to love,sadness,bad
ROW01418,CUST0287,2026-04-16 02:16:24,call_transcript,didnt you know expect the migration to go this smoothly honestly no issues at all like,surprise,good
ROW01419,CUST0661,2026-02-24 23:12:15,survey_feedback,"Just wanted to say, wasnt expecting our whole team to get logged out with zero warning during the outage, just flagging it.",surprise,bad
ROW01420,CUST0328,2026-05-25 14:09:29,call_transcript,honestly the whole downgrade flow is designed to like be you know as confusing as possible,disgust,bad
ROW01421,CUST0484,2026-07-03 09:05:05,call_transcript,wasnt uh expecting um the feature we rely on to honestly just disappear without any notice,surprise,bad
ROW01422,CUST0543,2026-07-03 15:52:12,call_transcript,the uh way you buried the cancel i mean button in three different menus um feels really shady,disgust,bad
ROW01423,CUST0482,2026-04-20 23:04:49,call_transcript,support walked me through the backup settings and now i feel a um lot honestly better about it,joy,good
ROW01424,CUST0718,2026-08-16 12:57:30,survey_feedback,"Quick note, wanted to ask if theres a bulk import option for existing records, wanted to put that on record.",neutral,neutral
ROW01425,CUST0435,2026-04-11 13:07:05,call_transcript,didnt um expect the migration to you know go this smoothly i mean no issues at all,surprise,good
ROW01426,CUST0238,2026-08-14 18:59:31,survey_feedback,"Quick note, were just a little disappointed cause the old template feature got taken away, just flagging it.",sadness,bad
ROW01427,CUST0515,2026-07-20 09:39:58,call_transcript,so im worried this outage means i mean our customer data was like exposed somehow you know,fear,bad
ROW01428,CUST0262,2026-05-10 01:42:54,survey_feedback,"Quick note, the whole downgrade flow is designed to be as confusing as possible, just flagging it.",disgust,bad
ROW01429,CUST0549,2026-04-24 02:55:37,survey_feedback,"Just wanted to say, im worried that if i migrate my data over to the new plan i might lose everything, figured id mention it.",fear,bad
ROW01430,CUST0717,2026-04-04 06:30:30,survey_feedback,"Ok so we lost two days of data during the migration and support took way too long to respond, just flagging it.",anger,bad
ROW01431,CUST0546,2026-02-24 03:25:00,call_transcript,you guys charged me twice this month honestly and uh nobody on you know chat could explain why,anger,bad
ROW01432,CUST0287,2026-06-02 11:14:51,call_transcript,so still kind of missing the old templates uh weve just been doing things manually since,sadness,bad
ROW01433,CUST0085,2026-07-27 02:05:50,survey_feedback,"Quick note, im worried this outage means our customer data was exposed somehow, figured id mention it.",fear,bad
ROW01434,CUST0155,2026-07-24 20:42:35,survey_feedback,"So loving how simple this is for a one person shop, does exactly what i need.",joy,good
ROW01435,CUST0405,2026-04-26 12:39:55,survey_feedback,"Honestly, kind of sad our whole team has just quietly stopped using half the features we used to love, just flagging it.",sadness,bad
ROW01436,CUST0532,2026-06-20 04:09:01,survey_feedback,"Quick note, im worried this outage means our customer data was exposed somehow.",fear,bad
ROW01437,CUST0119,2026-05-30 10:04:13,survey_feedback,"Im nervous the price is going to jump again at the next renewal, just flagging it!",fear,bad
ROW01438,CUST0214,2026-06-24 18:31:00,survey_feedback,"You sell our usage data to third parties without making that clear anywhere, just flagging it.",disgust,bad
ROW01439,CUST0640,2026-06-02 11:05:43,survey_feedback,"Just wanted to say, your api rate limit is blocking our entire workflow during our busiest hours, figured id mention it.",anger,bad
ROW01440,CUST0611,2026-07-21 03:09:18,call_transcript,um support like keeps i mean closing my ticket without actually fixing anything,anger,bad
ROW01441,CUST0212,2026-02-24 18:34:43,call_transcript,so havent really had time to dig into the new you know features still just using it for the basics,neutral,neutral
ROW01442,CUST0536,2026-05-13 18:43:14,call_transcript,not much to report um this month usage has you know been about the same i mean as usual,neutral,neutral
ROW01443,CUST0112,2026-03-10 09:21:09,call_transcript,you guys charged me twice you know this month and nobody on chat could explain why,anger,bad
ROW01444,CUST0415,2026-02-23 09:46:38,survey_feedback,"So not much to report this month, usage has been about the same as usual, wanted to put that on record.",neutral,neutral
ROW01445,CUST0608,2026-05-05 09:10:25,call_transcript,your honestly team uh fixed my ticket within an hour way faster than i expected,joy,good
ROW01446,CUST0672,2026-07-27 16:49:08,call_transcript,kind of bummed they um removed the old reporting view i really relied on that for my honestly weekly i mean standups,sadness,bad
ROW01447,CUST0477,2026-05-08 05:00:36,call_transcript,you sell our usage data to third um parties without making that clear anywhere,disgust,bad
ROW01448,CUST0201,2026-07-17 11:52:52,call_transcript,im worried this outage means our uh customer honestly data was exposed somehow,fear,bad
ROW01449,CUST0644,2026-03-23 04:01:39,call_transcript,uh i like keep getting charged for seats we already removed weeks ago i mean,anger,bad
ROW01450,CUST0056,2026-03-09 20:14:36,survey_feedback,"Quick note, support tried to guilt trip me into staying instead of just helping me cancel, figured id mention it.",disgust,bad
ROW01451,CUST0316,2026-05-08 08:55:18,call_transcript,i mean im uh worried this like outage means our customer data was exposed somehow,fear,bad
ROW01452,CUST0564,2026-05-13 00:04:12,survey_feedback,"Honestly, our compliance team is asking about your data retention policy and i dont have answers.",fear,bad
ROW01453,CUST0322,2026-05-16 15:02:32,call_transcript,our compliance team is asking about your data um retention uh policy and i dont have answers honestly,fear,bad
ROW01454,CUST0085,2026-03-04 04:11:28,survey_feedback,"Not gonna lie, still one of the best tools we use day to day, genuinely happy with it, just flagging it.",joy,good
ROW01455,CUST0703,2026-06-04 18:41:06,survey_feedback,"Support keeps closing my ticket without actually fixing anything, figured id mention it.",anger,bad
ROW01456,CUST0100,2026-07-19 10:48:50,call_transcript,the integration broke after your last update and nobody warned us i mean it was uh coming,anger,bad
ROW01457,CUST0613,2026-06-25 08:04:02,survey_feedback,"Just wanted to say, did not realize the new plan tier included that feature for free, pleasantly surprised.",surprise,good
ROW01458,CUST0093,2026-07-13 07:29:23,call_transcript,so were just a little disappointed cause the old template you know feature got taken away,sadness,bad
ROW01459,CUST0538,2026-03-11 18:34:25,call_transcript,its disappointing honestly watching a tool we used to love slowly stop fitting what we need,sadness,bad
ROW01460,CUST0190,2026-08-04 15:53:18,survey_feedback,"Quick note, teams still using it but adoption across departments has been slower than we hoped, figured id mention it.",neutral,neutral
ROW01461,CUST0196,2026-05-16 11:11:59,survey_feedback,"Quick note, you sell our usage data to third parties without making that clear anywhere.",disgust,bad
ROW01462,CUST0442,2026-04-18 06:05:33,survey_feedback,"Just wanted to say, the export feature has been broken for a week and support still hasnt replied, figured id mention it!",anger,bad
ROW01463,CUST0341,2026-03-02 10:57:45,call_transcript,customer support read from a script the entire time i mean and never actually listened,disgust,bad
ROW01464,CUST0424,2026-03-11 14:42:07,survey_feedback,Ok so my card was declined and it locked me out of my own account for a whole day.,anger,bad
ROW01465,CUST0476,2026-04-23 21:57:24,survey_feedback,"Not gonna lie, havent really had time to dig into the new features, still just using it for the basics, just flagging it.",neutral,neutral
ROW01466,CUST0431,2026-07-29 21:21:17,call_transcript,is i mean my data actually like backed up somewhere im a bit nervous about um losing my project files,fear,bad
ROW01467,CUST0444,2026-08-02 19:18:22,call_transcript,is my data actually backed up somewhere im a bit nervous about um losing my like project files,fear,bad
ROW01468,CUST0520,2026-05-14 03:38:43,survey_feedback,Support walked me through the backup settings and now i feel a lot better about it.,joy,good
ROW01469,CUST0521,2026-08-17 20:06:48,survey_feedback,"So switching from spreadsheets to this has saved our whole team hours every week, just flagging it.",joy,good
ROW01470,CUST0743,2026-08-11 11:25:45,call_transcript,the way you buried i mean the cancel button in three different menus feels um really shady,disgust,bad
ROW01471,CUST0544,2026-05-28 19:11:43,survey_feedback,"Quick note, ive called three times now and nobody's fixed the billing thing, just flagging it.",anger,bad
ROW01472,CUST0136,2026-08-18 17:02:33,survey_feedback,"So we really wanted this to work out, it just didnt end up being the right fit, wanted to put that on record.",sadness,bad
ROW01473,CUST0551,2026-08-20 22:55:03,survey_feedback,"So we lost two days of data during the migration and support took way too long to respond, figured id mention it.",anger,bad
ROW01474,CUST0300,2026-04-11 06:06:54,call_transcript,kind of bummed they removed honestly the old reporting view i really relied on you know that like for my weekly standups,sadness,bad
ROW01475,CUST0433,2026-04-17 12:10:23,survey_feedback,"Quick note, my card was declined and it locked me out of my own account for a whole day, figured id mention it.",anger,bad
ROW01476,CUST0267,2026-04-29 03:21:25,survey_feedback,"Did not realize the new plan tier included that feature for free, pleasantly surprised, just flagging it.",surprise,good
ROW01477,CUST0048,2026-05-02 13:57:42,call_transcript,honestly still one you know of the best i mean tools we use day to day genuinely happy with it,joy,good
ROW01478,CUST0153,2026-08-21 03:15:34,survey_feedback,Didnt realize the free trial would auto convert without reminding us first.,surprise,bad
ROW01479,CUST0668,2026-07-11 19:05:26,call_transcript,five um years in and honestly still our go to platform genuinely happy with uh how its evolved,joy,good
ROW01480,CUST0171,2026-08-19 11:39:43,call_transcript,so the onboarding checklist made getting started genuinely like painless,joy,good
ROW01481,CUST0009,2026-03-28 14:08:03,call_transcript,so switching uh from honestly spreadsheets like to this has saved our whole team hours every week,joy,good
ROW01482,CUST0496,2026-05-16 00:42:04,survey_feedback,Ok so the whole downgrade flow is designed to be as confusing as possible.,disgust,bad
ROW01483,CUST0717,2026-06-02 11:57:49,survey_feedback,So support tried to guilt trip me into staying instead of just helping me cancel.,disgust,bad
ROW01484,CUST0005,2026-06-21 21:52:58,survey_feedback,"Not gonna lie, you sell our usage data to third parties without making that clear anywhere.",disgust,bad
ROW01485,CUST0668,2026-07-21 06:42:57,call_transcript,you honestly guys charged me twice this month and i mean nobody you know on chat could explain why,anger,bad
ROW01486,CUST0501,2026-07-11 13:33:02,call_transcript,the new dashboard update uh is amazing um it saved me so much time you know this week,joy,good
ROW01487,CUST0570,2026-06-27 13:03:37,call_transcript,you guys charged me twice this month like and nobody on chat could explain why,anger,bad
ROW01488,CUST0226,2026-07-09 12:13:34,survey_feedback,Im nervous the price is going to jump again at the next renewal.,fear,bad
ROW01489,CUST0416,2026-07-12 05:38:50,call_transcript,we really wanted this to work out it just like didnt end up honestly being the right fit uh,sadness,bad
ROW01490,CUST0342,2026-06-15 18:57:10,call_transcript,didnt realize uh the free honestly trial would auto convert without reminding us first,surprise,bad
ROW01491,CUST0143,2026-04-26 01:25:25,survey_feedback,Teams still using it but adoption across departments has been slower than we hoped.,neutral,neutral
ROW01492,CUST0577,2026-05-04 01:08:53,survey_feedback,"Honestly, whats the difference between the pro and enterprise support tiers exactly.",neutral,neutral
ROW01493,CUST0677,2026-03-10 15:50:39,survey_feedback,"Just wanted to say, your team fixed my ticket within an hour, way faster than i expected.",joy,good
ROW01494,CUST0739,2026-03-01 09:54:34,call_transcript,your i mean api rate limit is blocking our entire workflow during our busiest um hours,anger,bad
ROW01495,CUST0528,2026-05-26 06:10:57,survey_feedback,"Ok so didnt expect the migration to go this smoothly, no issues at all, just flagging it!",surprise,good
ROW01496,CUST0649,2026-03-12 10:32:34,call_transcript,the like free trial silently converted to a paid plan without i mean any reminder honestly,disgust,bad
ROW01497,CUST0502,2026-07-12 06:45:35,call_transcript,um im worried i mean that if i migrate my you know data over to the new plan i might lose everything,fear,bad
ROW01498,CUST0478,2026-04-29 18:20:45,call_transcript,so kind of sad our whole team has just quietly stopped using half the features we used to i mean love,sadness,bad
ROW01499,CUST0241,2026-04-03 22:00:59,survey_feedback,"Honestly, teams still using it but adoption across departments has been slower than we hoped, just flagging it.",neutral,neutral
ROW01500,CUST0512,2026-07-20 01:13:04,call_transcript,so im concerned we wont be able honestly to export like everything if we ever need to leave you know,fear,bad
ROW01501,CUST0495,2026-03-01 12:19:02,call_transcript,you sell our usage data uh to third parties without making that like clear anywhere,disgust,bad
ROW01502,CUST0078,2026-08-19 23:00:47,survey_feedback,"Quick note, you keep auto enrolling us in paid add ons we never asked for, just flagging it.",disgust,bad
ROW01503,CUST0413,2026-08-12 17:58:33,survey_feedback,"Just wanted to say, i keep getting charged for seats we already removed weeks ago, figured id mention it!",anger,bad
ROW01504,CUST0740,2026-06-15 10:15:33,call_transcript,didnt realize like the honestly free trial would auto convert without reminding us first,surprise,bad
ROW01505,CUST0482,2026-08-12 01:38:51,survey_feedback,"Quick note, the way you buried the cancel button in three different menus feels really shady, just flagging it!",disgust,bad
ROW01506,CUST0280,2026-05-18 14:57:02,call_transcript,kind of bummed they removed the old you know reporting view i really relied on that for my weekly standups i mean,sadness,bad
ROW01507,CUST0738,2026-02-25 07:18:07,call_transcript,didnt realize the free trial would auto i mean convert without reminding um us like first,surprise,bad
ROW01508,CUST0177,2026-06-05 09:05:11,survey_feedback,"Not gonna lie, the whole downgrade flow is designed to be as confusing as possible, just flagging it.",disgust,bad
ROW01509,CUST0347,2026-06-11 06:52:09,call_transcript,honestly did not expect the new integration to be this easy to set up honestly impressed,surprise,good
ROW01510,CUST0090,2026-04-14 11:02:30,call_transcript,support walked me through the backup settings uh and now i feel a lot better about it,joy,good
ROW01511,CUST0458,2026-07-13 13:37:39,survey_feedback,"Wondering if the api has a sandbox environment for testing, wanted to put that on record.",neutral,neutral
ROW01512,CUST0606,2026-06-14 19:30:02,call_transcript,the redesigned reporting view is so much easier to you know read than before,joy,good
ROW01513,CUST0063,2026-02-24 15:36:42,call_transcript,so its disappointing watching like a tool uh we um used to love slowly stop fitting what we need,sadness,bad
ROW01514,CUST0063,2026-03-31 10:16:43,call_transcript,you guys charged me twice this month and nobody on chat could explain honestly why uh,anger,bad
ROW01515,CUST0504,2026-07-25 13:10:03,call_transcript,so is there a way to export i mean invoices as csv you know instead of pdf,neutral,neutral
ROW01516,CUST0656,2026-04-12 12:56:00,survey_feedback,Ok so teams still using it but adoption across departments has been slower than we hoped.,neutral,neutral
ROW01517,CUST0722,2026-07-31 17:38:26,survey_feedback,"Ok so does the pro plan include api access or do i need the enterprise tier for that, figured id mention it.",neutral,neutral
ROW01518,CUST0636,2026-04-05 19:45:04,survey_feedback,"Honestly, did not expect the price to jump that much on renewal, nobody mentioned it in the email, wanted to put that on record.",surprise,bad
ROW01519,CUST0683,2026-03-22 14:48:33,call_transcript,a uh bit concerned about the response times lately our tickets have been sitting longer than usual,fear,bad
ROW01520,CUST0095,2026-05-28 22:11:24,call_transcript,the feature we asked about uh last year like still hasnt shown up and weve kind of honestly given up hope,sadness,bad
ROW01521,CUST0185,2026-08-11 13:24:04,call_transcript,just confirming our seat honestly count before the next billing cycle,neutral,neutral
ROW01522,CUST0144,2026-06-21 16:38:31,call_transcript,so a bit concerned about um the response times lately our tickets you know have been sitting longer than usual,fear,bad
ROW01523,CUST0318,2026-06-12 14:18:35,survey_feedback,"Ok so we tried to make it work but it just doesnt fit our workflow anymore, sorry to go, figured id mention it.",sadness,bad
ROW01524,CUST0178,2026-05-23 11:29:32,call_transcript,didnt expect the migration like to go this smoothly uh no issues um at all,surprise,good
ROW01525,CUST0468,2026-08-17 13:44:06,call_transcript,didnt realize the free trial would auto convert you know without i mean reminding us first honestly,surprise,bad
ROW01526,CUST0287,2026-07-07 08:01:34,survey_feedback,"Ok so you guys charged me twice this month and nobody on chat could explain why, figured id mention it.",anger,bad
ROW01527,CUST0002,2026-03-18 05:54:29,survey_feedback,"The new dashboard update is amazing, it saved me so much time this week.",joy,good
ROW01528,CUST0285,2026-03-19 21:04:36,survey_feedback,"Quick note, your api rate limit is blocking our entire workflow during our busiest hours, just flagging it!",anger,bad
ROW01529,CUST0270,2026-04-29 13:21:02,survey_feedback,"Not gonna lie, the marketing emails dont stop no matter how many times i unsubscribe, just flagging it.",disgust,bad
ROW01530,CUST0680,2026-03-05 17:42:11,call_transcript,didnt realize i mean the free trial would auto convert without uh reminding us first,surprise,bad
ROW01531,CUST0311,2026-03-17 16:34:54,call_transcript,so you keep auto enrolling us in paid add ons uh we never asked for,disgust,bad
ROW01532,CUST0613,2026-06-26 01:01:23,call_transcript,kind of sad our whole team has just quietly honestly stopped using half like the features we used you know to love,sadness,bad
ROW01533,CUST0091,2026-03-28 06:33:54,survey_feedback,"Just wanted to say, didnt realize the free trial would auto convert without reminding us first.",surprise,bad
ROW01534,CUST0456,2026-04-07 17:00:09,call_transcript,so still kind of missing the old templates weve just been honestly doing you know things manually like since,sadness,bad
ROW01535,CUST0029,2026-03-29 18:23:54,survey_feedback,"Customer support read from a script the entire time and never actually listened, figured id mention it.",disgust,bad
ROW01536,CUST0153,2026-03-07 04:20:09,call_transcript,i mean i had to explain the same issue to three different agents and um got nowhere,anger,bad
ROW01537,CUST0462,2026-02-23 08:36:17,call_transcript,you keep auto enrolling you know us uh in paid add ons we never like asked for,disgust,bad
ROW01538,CUST0359,2026-08-19 03:34:11,call_transcript,so is there honestly a way to export invoices as csv instead of pdf,neutral,neutral
ROW01539,CUST0306,2026-06-06 19:28:27,call_transcript,we really wanted this to uh work out it just i mean didnt end up being the right fit,sadness,bad
ROW01540,CUST0537,2026-08-21 12:41:11,survey_feedback,Ok so im not confident the new permissions setup is actually secure.,fear,bad
ROW01541,CUST0071,2026-06-16 22:23:35,call_transcript,so the new dashboard update is amazing it saved me honestly so much time this week,joy,good
ROW01542,CUST0170,2026-05-21 08:48:19,call_transcript,still one of the best tools we use day to honestly day genuinely um happy you know with it,joy,good
ROW01543,CUST0620,2026-05-22 05:22:16,call_transcript,whats uh the difference between the um pro i mean and enterprise support tiers exactly,neutral,neutral
ROW01544,CUST0395,2026-07-08 12:42:03,survey_feedback,"Five years in and still our go to platform, genuinely happy with how its evolved.",joy,good
ROW01545,CUST0289,2026-04-04 16:54:33,survey_feedback,"Didnt realize the free trial would auto convert without reminding us first, wanted to put that on record!",surprise,bad
ROW01546,CUST0605,2026-08-16 13:14:08,survey_feedback,"Just wanted to say, loving how simple this is for a one person shop, does exactly what i need.",joy,good
ROW01547,CUST0747,2026-08-13 17:47:39,call_transcript,so did not i mean expect the new integration to be this easy like to set up honestly honestly impressed,surprise,good
ROW01548,CUST0075,2026-05-14 17:59:59,call_transcript,switching from um spreadsheets to this has saved our whole team hours every week,joy,good
ROW01549,CUST0743,2026-04-22 06:34:46,survey_feedback,"Quick note, ive called three times now and nobody's fixed the billing thing.",anger,bad
ROW01550,CUST0483,2026-05-21 11:28:24,survey_feedback,"Wasnt expecting support to respond this fast on a weekend, really impressed, just flagging it.",surprise,good
ROW01551,CUST0735,2026-07-19 11:46:46,call_transcript,like a bit concerned about the response times uh lately our tickets have been sitting longer than usual,fear,bad
ROW01552,CUST0345,2026-06-20 18:48:34,survey_feedback,"Not gonna lie, kind of bummed they removed the old reporting view, i really relied on that for my weekly standups, just flagging it.",sadness,bad
ROW01553,CUST0390,2026-08-16 17:48:17,call_transcript,im not confident the new permissions i mean setup is actually secure,fear,bad
ROW01554,CUST0674,2026-04-02 07:46:06,survey_feedback,"Quick note, a bit concerned about the response times lately, our tickets have been sitting longer than usual, wanted to put that on record.",fear,bad
ROW01555,CUST0308,2026-07-26 19:18:58,survey_feedback,Ok so were just a little disappointed cause the old template feature got taken away!,sadness,bad
ROW01556,CUST0640,2026-06-06 21:25:58,survey_feedback,"Honestly, the fine print on the renewal terms feels deliberately misleading.",disgust,bad
ROW01557,CUST0594,2026-06-21 22:30:27,survey_feedback,"Honestly, a bit concerned about the response times lately, our tickets have been sitting longer than usual, figured id mention it.",fear,bad
ROW01558,CUST0456,2026-05-19 00:07:07,call_transcript,i keep getting charged i mean for seats um we already removed weeks you know ago,anger,bad
ROW01559,CUST0573,2026-06-04 03:41:35,survey_feedback,"Just wanted to say, support walked me through the backup settings and now i feel a lot better about it, figured id mention it.",joy,good
ROW01560,CUST0251,2026-08-16 15:51:13,survey_feedback,"Not gonna lie, kind of sad our whole team has just quietly stopped using half the features we used to love, wanted to put that on record!",sadness,bad
ROW01561,CUST0151,2026-04-28 18:50:48,survey_feedback,"So im nervous the price is going to jump again at the next renewal, wanted to put that on record.",fear,bad
ROW01562,CUST0562,2026-05-01 22:08:14,call_transcript,im honestly nervous the price is going to jump again at um the next renewal,fear,bad
ROW01563,CUST0484,2026-03-29 02:52:16,survey_feedback,"Did not realize the new plan tier included that feature for free, pleasantly surprised, figured id mention it.",surprise,good
ROW01564,CUST0255,2026-07-08 02:34:06,call_transcript,um the fine print on the honestly renewal terms feels i mean deliberately misleading,disgust,bad
ROW01565,CUST0195,2026-06-24 18:10:02,call_transcript,the whole downgrade flow is like designed to be you know as confusing as possible,disgust,bad
ROW01566,CUST0558,2026-07-09 13:42:00,survey_feedback,You guys charged me twice this month and nobody on chat could explain why.,anger,bad
ROW01567,CUST0332,2026-05-09 06:12:29,call_transcript,the onboarding checklist made getting started honestly genuinely painless,joy,good
ROW01568,CUST0538,2026-08-16 04:01:43,call_transcript,were just a little disappointed cause the uh old honestly template feature got taken away like,sadness,bad
ROW01569,CUST0417,2026-04-07 13:01:32,survey_feedback,"So we tried to make it work but it just doesnt fit our workflow anymore, sorry to go, just flagging it.",sadness,bad
ROW01570,CUST0249,2026-04-10 04:29:05,survey_feedback,Whats the difference between the pro and enterprise support tiers exactly!,neutral,neutral
ROW01571,CUST0269,2026-07-25 17:22:26,survey_feedback,"Quick note, havent really had time to dig into the new features, still just using it for the basics.",neutral,neutral
ROW01572,CUST0264,2026-04-09 03:32:50,call_transcript,so wasnt expecting support to respond this um fast on a weekend really impressed uh,surprise,good
ROW01573,CUST0578,2026-03-18 22:53:48,survey_feedback,"So i keep getting charged for seats we already removed weeks ago, wanted to put that on record!",anger,bad
ROW01574,CUST0208,2026-07-14 06:19:53,call_transcript,the way you buried the cancel button in three different menus feels really shady like,disgust,bad
ROW01575,CUST0280,2026-03-27 23:49:53,survey_feedback,"Just wanted to say, im scared we're going to lose our historical reports if we switch plans.",fear,bad
ROW01576,CUST0482,2026-07-07 16:10:58,survey_feedback,"So the onboarding checklist made getting started genuinely painless, just flagging it.",joy,good
ROW01577,CUST0094,2026-03-27 23:24:37,call_transcript,you know the mobile app finally works flawlessly even with our like full dataset loaded,joy,good
ROW01578,CUST0320,2026-03-07 05:57:58,survey_feedback,"Ok so we tried to make it work but it just doesnt fit our workflow anymore, sorry to go!",sadness,bad
ROW01579,CUST0301,2026-08-12 03:03:19,call_transcript,im worried that if i migrate my data over to the new plan i might lose everything like,fear,bad
ROW01580,CUST0386,2026-03-01 10:43:51,survey_feedback,"So still one of the best tools we use day to day, genuinely happy with it.",joy,good
ROW01581,CUST0275,2026-08-03 02:36:49,call_transcript,five um years in and still our uh go to platform genuinely happy i mean with how its evolved,joy,good
ROW01582,CUST0139,2026-06-15 05:50:35,survey_feedback,"Just wanted to say, didnt realize the free trial would auto convert without reminding us first, figured id mention it.",surprise,bad
ROW01583,CUST0622,2026-04-27 09:10:37,call_transcript,so the marketing emails dont um stop no matter like how many times i unsubscribe,disgust,bad
ROW01584,CUST0058,2026-03-18 20:17:05,call_transcript,im um nervous the price is going to jump again at the next renewal,fear,bad
ROW01585,CUST0285,2026-07-18 08:55:50,survey_feedback,"Honestly, you guys charged me twice this month and nobody on chat could explain why.",anger,bad
ROW01586,CUST0080,2026-02-25 14:30:20,call_transcript,finally managed to cancel after 20 minutes of i mean being redirected between pages,anger,bad
ROW01587,CUST0202,2026-03-10 05:04:31,survey_feedback,"Honestly we just stopped seeing the point of it, kind of sad it didnt work out for us in the end, wanted to put that on record.",sadness,bad
ROW01588,CUST0178,2026-06-03 05:06:44,call_transcript,did not uh realize the new plan tier included that feature for like free pleasantly surprised,surprise,good
ROW01589,CUST0472,2026-04-28 14:24:29,survey_feedback,"Just wanted to say, the fine print on the renewal terms feels deliberately misleading, wanted to put that on record.",disgust,bad
ROW01590,CUST0207,2026-03-12 04:13:24,call_transcript,is my data actually backed up somewhere im you know a bit nervous about losing my project files i mean,fear,bad
ROW01591,CUST0736,2026-07-03 01:57:49,survey_feedback,"Not gonna lie, five years in and still our go to platform, genuinely happy with how its evolved.",joy,good
ROW01592,CUST0292,2026-02-23 17:32:15,call_transcript,so support keeps closing my ticket without um actually fixing uh anything,anger,bad
ROW01593,CUST0698,2026-07-14 16:18:39,call_transcript,so your api rate limit is blocking our um entire workflow during i mean our busiest hours,anger,bad
ROW01594,CUST0600,2026-03-09 16:38:33,call_transcript,so im nervous like the price is going to jump again at the next renewal you know,fear,bad
ROW01595,CUST0061,2026-02-26 16:20:52,survey_feedback,"So teams still using it but adoption across departments has been slower than we hoped, wanted to put that on record!",neutral,neutral
ROW01596,CUST0738,2026-03-01 08:33:20,call_transcript,customer um support read from a script like the entire time and never actually listened,disgust,bad
ROW01597,CUST0359,2026-08-05 14:19:54,call_transcript,honestly we just stopped seeing um the honestly point of it kind of sad it didnt work out for us in the end,sadness,bad
ROW01598,CUST0335,2026-06-29 07:29:09,call_transcript,our compliance team is asking about your i mean data retention policy and i you know dont honestly have answers,fear,bad
ROW01599,CUST0164,2026-07-30 12:43:55,survey_feedback,"Not gonna lie, a bit concerned about the response times lately, our tickets have been sitting longer than usual, figured id mention it.",fear,bad
ROW01600,CUST0452,2026-08-01 03:56:40,call_transcript,the new honestly dashboard update is amazing it saved me you know so much time this week,joy,good
ROW01601,CUST0103,2026-04-19 04:34:09,call_transcript,kind honestly of bummed they removed the old reporting i mean view i really relied on that for my weekly standups,sadness,bad
ROW01602,CUST0616,2026-05-25 04:11:10,call_transcript,uh did not expect the new integration honestly to be this easy to set up honestly impressed,surprise,good
ROW01603,CUST0270,2026-04-23 09:23:09,call_transcript,so the marketing emails dont you know stop no matter how many times i honestly unsubscribe i mean,disgust,bad
ROW01604,CUST0677,2026-07-23 11:44:25,call_transcript,i keep getting charged for seats we uh already removed weeks ago,anger,bad
ROW01605,CUST0453,2026-07-26 00:29:13,call_transcript,you know teams still i mean using it but adoption across departments has been slower than we hoped,neutral,neutral
ROW01606,CUST0281,2026-05-02 01:16:00,survey_feedback,"Ok so im worried this outage means our customer data was exposed somehow, just flagging it.",fear,bad
ROW01607,CUST0547,2026-03-15 01:02:12,survey_feedback,"So checking whether the new update changes anything for our current workflow, wanted to put that on record!",neutral,neutral
ROW01608,CUST0137,2026-02-28 17:47:36,call_transcript,not sure what i mean happens to our account if the payment fails again next month,fear,bad
ROW01609,CUST0221,2026-04-17 09:45:24,survey_feedback,"Honestly, the integration broke after your last update and nobody warned us it was coming.",anger,bad
ROW01610,CUST0014,2026-03-19 22:41:26,call_transcript,its fine like does what we need i guess,neutral,neutral
ROW01611,CUST0702,2026-05-14 13:24:44,survey_feedback,"The fine print on the renewal terms feels deliberately misleading, wanted to put that on record.",disgust,bad
ROW01612,CUST0670,2026-04-20 22:53:04,call_transcript,uh didnt expect the migration to honestly go this smoothly no issues at all,surprise,good
ROW01613,CUST0332,2026-02-22 15:38:18,survey_feedback,"Honestly, the whole downgrade flow is designed to be as confusing as possible!",disgust,bad
ROW01614,CUST0100,2026-03-24 07:19:34,call_transcript,did not like realize honestly the new plan tier included that feature for free pleasantly surprised,surprise,good
ROW01615,CUST0375,2026-03-26 12:40:36,survey_feedback,"Quick note, im not confident the new permissions setup is actually secure, figured id mention it!",fear,bad
ROW01616,CUST0001,2026-08-08 21:47:20,call_transcript,so my like card was declined and it locked me out of my own account for a whole day,anger,bad
ROW01617,CUST0159,2026-03-24 23:38:50,call_transcript,still kind of missing the old templates weve just honestly been doing things manually since i mean,sadness,bad
ROW01618,CUST0123,2026-03-02 16:52:36,survey_feedback,"So im nervous the price is going to jump again at the next renewal, figured id mention it.",fear,bad
ROW01619,CUST0387,2026-07-17 20:01:06,survey_feedback,"Not gonna lie, were just a little disappointed cause the old template feature got taken away, just flagging it!",sadness,bad
ROW01620,CUST0006,2026-05-22 22:12:07,survey_feedback,"So i had to explain the same issue to three different agents and got nowhere, figured id mention it.",anger,bad
ROW01621,CUST0586,2026-03-21 08:22:16,survey_feedback,"Not gonna lie, did not expect the new integration to be this easy to set up, honestly impressed.",surprise,good
ROW01622,CUST0548,2026-03-05 03:57:00,call_transcript,did not expect you know the price to jump that much on renewal nobody mentioned it in the like email,surprise,bad
ROW01623,CUST0084,2026-07-05 02:45:05,call_transcript,um the whole honestly downgrade flow is designed to be as confusing as i mean possible,disgust,bad
ROW01624,CUST0040,2026-04-06 03:51:59,call_transcript,so the marketing uh emails dont stop no matter you know how i mean many times i unsubscribe,disgust,bad
ROW01625,CUST0525,2026-08-09 03:32:36,survey_feedback,"Honestly, just confirming our seat count before the next billing cycle, just flagging it.",neutral,neutral
ROW01626,CUST0407,2026-08-18 04:21:11,survey_feedback,"Honestly, can someone confirm if our renewal date changed before next quarter, just flagging it!",neutral,neutral
ROW01627,CUST0287,2026-06-12 08:40:32,call_transcript,you i mean sell our usage data to third parties without making that clear anywhere,disgust,bad
ROW01628,CUST0261,2026-03-31 17:41:42,call_transcript,support tried to guilt trip honestly me into staying instead like of just helping me cancel,disgust,bad
ROW01629,CUST0315,2026-06-29 07:36:06,survey_feedback,"Kind of bummed they removed the old reporting view, i really relied on that for my weekly standups, just flagging it.",sadness,bad
ROW01630,CUST0238,2026-06-27 21:41:09,survey_feedback,"Not gonna lie, i had to explain the same issue to three different agents and got nowhere.",anger,bad
ROW01631,CUST0555,2026-06-24 12:08:53,survey_feedback,"Support tried to guilt trip me into staying instead of just helping me cancel, wanted to put that on record.",disgust,bad
ROW01632,CUST0426,2026-05-17 14:29:07,call_transcript,we really wanted um this to honestly work out it you know just didnt end up being the right fit,sadness,bad
ROW01633,CUST0205,2026-07-27 12:22:17,call_transcript,so wondering if the api i mean has a um sandbox environment for testing,neutral,neutral
ROW01634,CUST0492,2026-03-23 15:02:49,call_transcript,the free um trial i mean silently converted to a paid plan without any reminder,disgust,bad
ROW01635,CUST0181,2026-05-15 19:08:35,call_transcript,wasnt expecting the like feature we rely on to just disappear without any notice,surprise,bad
ROW01636,CUST0394,2026-02-27 14:00:31,survey_feedback,"Honestly, the way you buried the cancel button in three different menus feels really shady, just flagging it.",disgust,bad
ROW01637,CUST0067,2026-05-02 20:19:14,call_transcript,the way you buried the you know cancel button in three different menus feels really shady um,disgust,bad
ROW01638,CUST0620,2026-03-30 00:28:31,survey_feedback,"Im not confident the new permissions setup is actually secure, just flagging it!",fear,bad
ROW01639,CUST0151,2026-03-19 23:40:51,call_transcript,the free trial silently converted um to a paid plan without any reminder,disgust,bad
ROW01640,CUST0505,2026-05-29 03:08:14,survey_feedback,"Quick note, is there a way to export invoices as csv instead of pdf.",neutral,neutral
ROW01641,CUST0339,2026-06-15 09:47:14,call_transcript,so five years in like and still our go to platform genuinely happy with how you know its evolved,joy,good
ROW01642,CUST0635,2026-04-18 04:31:54,call_transcript,is my data actually backed up somewhere im a bit nervous about like losing my project files honestly,fear,bad
ROW01643,CUST0492,2026-05-06 14:22:05,call_transcript,so wasnt expecting you know our whole team to get logged like out with zero warning during um the outage,surprise,bad
ROW01644,CUST0676,2026-06-09 13:35:21,survey_feedback,"Honestly, kind of sad our whole team has just quietly stopped using half the features we used to love, figured id mention it.",sadness,bad
ROW01645,CUST0413,2026-07-19 14:46:13,call_transcript,so its fine does what we need i uh guess,neutral,neutral
ROW01646,CUST0659,2026-07-03 18:51:40,call_transcript,the way you buried the cancel button in three different menus feels really shady i mean,disgust,bad
ROW01647,CUST0622,2026-07-21 03:25:13,survey_feedback,"Just wanted to say, the whole downgrade flow is designed to be as confusing as possible!",disgust,bad
ROW01648,CUST0586,2026-07-03 13:24:21,call_transcript,so five years in and still our uh go to platform genuinely happy with how its evolved,joy,good
ROW01649,CUST0092,2026-03-14 21:20:47,call_transcript,not much to honestly report this month usage has been about the same as uh usual,neutral,neutral
ROW01650,CUST0079,2026-07-05 03:08:05,survey_feedback,"Just wanted to say, the mobile app finally works flawlessly even with our full dataset loaded.",joy,good
ROW01651,CUST0295,2026-05-06 14:20:15,call_transcript,i uh had to explain the same issue to three different agents and got nowhere,anger,bad
ROW01652,CUST0008,2026-03-23 18:23:43,call_transcript,so support keeps i mean closing my ticket without actually fixing uh anything,anger,bad
ROW01653,CUST0144,2026-06-26 22:40:05,call_transcript,our compliance team is asking about your uh data retention policy and i dont i mean have answers um,fear,bad
ROW01654,CUST0058,2026-05-13 12:09:18,call_transcript,the marketing emails uh dont stop no matter like how many times i unsubscribe,disgust,bad
ROW01655,CUST0663,2026-06-26 05:57:27,survey_feedback,"Quick note, we tried to make it work but it just doesnt fit our workflow anymore, sorry to go, wanted to put that on record.",sadness,bad
ROW01656,CUST0023,2026-04-06 16:40:37,call_transcript,your um team fixed my ticket within an hour way faster than i expected,joy,good
ROW01657,CUST0373,2026-06-09 12:26:54,survey_feedback,I had to explain the same issue to three different agents and got nowhere.,anger,bad
ROW01658,CUST0232,2026-03-16 22:45:25,call_transcript,so you guys charged me twice this month and um nobody on chat could explain why,anger,bad
ROW01659,CUST0190,2026-04-15 13:55:21,call_transcript,so kind of bummed they removed um the old reporting view i really relied on that for my weekly standups,sadness,bad
ROW01660,CUST0736,2026-02-28 01:14:54,survey_feedback,"Honestly, is there a way to export invoices as csv instead of pdf, figured id mention it.",neutral,neutral
ROW01661,CUST0183,2026-03-06 18:40:38,call_transcript,so i keep getting charged uh for seats we already removed weeks ago,anger,bad
ROW01662,CUST0228,2026-06-14 17:25:34,call_transcript,uh loving how simple this you know is for a one like person shop does exactly what i need,joy,good
ROW01663,CUST0657,2026-04-10 12:44:32,call_transcript,honestly we really wanted this uh to work out it just didnt end up being i mean the right fit,sadness,bad
ROW01664,CUST0307,2026-06-05 04:00:12,call_transcript,so did not i mean realize the new honestly plan tier included that feature for free pleasantly surprised,surprise,good
ROW01665,CUST0274,2026-06-02 19:31:41,call_transcript,still you know kind of missing like the old templates weve just been doing i mean things manually since,sadness,bad
ROW01666,CUST0537,2026-06-24 23:12:23,call_transcript,you know the free trial silently converted to a paid plan without honestly any reminder,disgust,bad
ROW01667,CUST0709,2026-06-04 13:20:53,call_transcript,so does the you know pro plan include api access or do i uh need the enterprise tier for that like,neutral,neutral
ROW01668,CUST0367,2026-08-20 05:09:02,survey_feedback,"Quick note, still kind of missing the old templates, weve just been doing things manually since.",sadness,bad
ROW01669,CUST0659,2026-05-06 21:02:22,survey_feedback,"The account manager checked in on us again today, really appreciate how proactive support has been.",joy,good
ROW01670,CUST0366,2026-08-02 22:08:20,call_transcript,you sell our like usage data i mean to third parties without making that clear anywhere you know,disgust,bad
ROW01671,CUST0595,2026-08-05 09:18:36,call_transcript,is i mean my data actually backed up somewhere im a bit nervous um about losing my project files,fear,bad
ROW01672,CUST0393,2026-05-29 18:49:54,survey_feedback,Ok so you keep auto enrolling us in paid add ons we never asked for.,disgust,bad
ROW01673,CUST0436,2026-04-01 23:11:43,call_transcript,im worried that if i migrate you know my data over to the new plan i might lose um everything,fear,bad
ROW01674,CUST0501,2026-06-27 21:03:22,call_transcript,wasnt expecting support to uh respond this fast on a weekend really impressed,surprise,good
ROW01675,CUST0445,2026-04-02 09:49:06,survey_feedback,"Just wanted to say, whats the difference between the pro and enterprise support tiers exactly, wanted to put that on record!",neutral,neutral
ROW01676,CUST0116,2026-04-22 14:26:54,call_transcript,the way you buried the cancel um button in three different menus feels really shady,disgust,bad
ROW01677,CUST0303,2026-06-08 13:48:47,survey_feedback,"So wanted to ask if theres a bulk import option for existing records, wanted to put that on record!",neutral,neutral
ROW01678,CUST0345,2026-03-25 20:48:35,call_transcript,kind of bummed they removed the old reporting i mean view i really relied on that for my weekly standups uh,sadness,bad
ROW01679,CUST0342,2026-07-22 11:59:59,survey_feedback,"Honestly, finally managed to cancel after 20 minutes of being redirected between pages, figured id mention it!",anger,bad
ROW01680,CUST0647,2026-03-22 21:55:35,call_transcript,you know the new integration took five minutes to set up and just worked um,joy,good
ROW01681,CUST0538,2026-06-15 09:47:02,call_transcript,so a bit concerned about um the response times lately our you know tickets have been sitting honestly longer than usual,fear,bad
ROW01682,CUST0504,2026-04-06 02:17:58,survey_feedback,"Quick note, is there a way to export invoices as csv instead of pdf, just flagging it.",neutral,neutral
ROW01683,CUST0027,2026-06-16 17:02:26,survey_feedback,"Quick note, the onboarding checklist made getting started genuinely painless, just flagging it!",joy,good
ROW01684,CUST0603,2026-04-11 12:30:45,call_transcript,honestly the redesigned reporting view is so much easier you know to read than before um,joy,good
ROW01685,CUST0687,2026-04-21 21:40:03,call_transcript,your team fixed my ticket within honestly an hour way faster than uh i you know expected,joy,good
ROW01686,CUST0432,2026-02-23 20:18:53,survey_feedback,"Honestly, the new integration took five minutes to set up and just worked.",joy,good
ROW01687,CUST0448,2026-03-05 09:38:57,survey_feedback,"Honestly, still kind of missing the old templates, weve just been doing things manually since.",sadness,bad
ROW01688,CUST0468,2026-03-26 21:34:49,call_transcript,so is there i mean a way to export invoices uh as csv instead honestly of pdf,neutral,neutral
ROW01689,CUST0137,2026-05-09 19:18:20,call_transcript,so my card was declined and it locked me out of my own account for a whole day i mean,anger,bad
ROW01690,CUST0661,2026-04-02 04:17:05,call_transcript,the honestly onboarding checklist made getting started genuinely painless uh,joy,good
ROW01691,CUST0748,2026-07-12 06:12:08,call_transcript,the redesigned you know reporting view is so much like easier to read than before,joy,good
ROW01692,CUST0009,2026-06-08 00:37:20,call_transcript,the feature we asked um about last year still hasnt shown up and weve kind of given up hope,sadness,bad
ROW01693,CUST0389,2026-07-13 18:02:20,call_transcript,im not confident the like new permissions setup is i mean actually secure,fear,bad
ROW01694,CUST0275,2026-04-19 23:14:21,call_transcript,my card was declined and it locked me you know out of my own i mean account for a whole day,anger,bad
ROW01695,CUST0659,2026-07-11 20:59:52,call_transcript,you know loving like how simple this is for a one person shop does exactly what i need honestly,joy,good
ROW01696,CUST0632,2026-04-06 23:51:53,call_transcript,customer you know support read from a script the like entire time and never actually listened uh,disgust,bad
ROW01697,CUST0549,2026-06-20 23:49:51,survey_feedback,"So my card was declined and it locked me out of my own account for a whole day, just flagging it.",anger,bad
ROW01698,CUST0072,2026-04-09 06:51:52,survey_feedback,"Honestly, im scared we're going to lose our historical reports if we switch plans, figured id mention it.",fear,bad
ROW01699,CUST0128,2026-06-04 04:42:27,survey_feedback,"Did not expect the price to jump that much on renewal, nobody mentioned it in the email.",surprise,bad
ROW01700,CUST0516,2026-08-05 07:01:00,survey_feedback,"Honestly, its fine, does what we need i guess.",neutral,neutral
ROW01701,CUST0311,2026-07-15 18:00:16,call_transcript,i mean support tried to guilt trip me into staying instead of just helping me uh cancel,disgust,bad
ROW01702,CUST0013,2026-03-03 10:12:08,survey_feedback,"Ok so not much to report this month, usage has been about the same as usual, wanted to put that on record.",neutral,neutral
ROW01703,CUST0749,2026-04-08 20:05:41,call_transcript,uh kind of bummed they removed the old reporting view i really you know relied on that for my weekly standups,sadness,bad
ROW01704,CUST0391,2026-04-16 02:47:30,call_transcript,so is there a i mean way you know to export invoices as csv instead of pdf,neutral,neutral
ROW01705,CUST0443,2026-04-19 01:32:46,call_transcript,still kind of missing the old templates weve like just been doing things manually since um,sadness,bad
ROW01706,CUST0742,2026-06-24 16:38:14,call_transcript,is my data actually backed um up you know somewhere im a bit nervous about losing my project files,fear,bad
ROW01707,CUST0067,2026-07-02 14:37:28,call_transcript,so your team fixed my ticket within an honestly hour way faster i mean than i expected,joy,good
ROW01708,CUST0368,2026-06-11 04:46:39,survey_feedback,"Quick note, finally managed to cancel after 20 minutes of being redirected between pages.",anger,bad
ROW01709,CUST0167,2026-06-29 23:36:57,call_transcript,not you know sure what happens to our account if the payment fails again next month,fear,bad
ROW01710,CUST0130,2026-05-14 01:58:59,survey_feedback,"Honestly, its disappointing watching a tool we used to love slowly stop fitting what we need, figured id mention it.",sadness,bad
ROW01711,CUST0247,2026-04-07 10:31:14,call_transcript,im uh concerned we wont be i mean able to export everything if we ever need like to leave,fear,bad
ROW01712,CUST0651,2026-04-21 07:04:54,survey_feedback,"Just wanted to say, five years in and still our go to platform, genuinely happy with how its evolved, just flagging it.",joy,good
ROW01713,CUST0368,2026-04-04 21:09:27,survey_feedback,"Quick note, im worried this outage means our customer data was exposed somehow, just flagging it.",fear,bad
ROW01714,CUST0258,2026-03-20 09:11:39,call_transcript,not much to report this month you know usage has been about the same as um usual,neutral,neutral
ROW01715,CUST0512,2026-05-03 13:54:10,call_transcript,customer support read from a script the uh entire time and never actually listened,disgust,bad
ROW01716,CUST0555,2026-06-12 02:39:24,survey_feedback,The redesigned reporting view is so much easier to read than before.,joy,good
ROW01717,CUST0024,2026-07-05 17:08:25,call_transcript,is there a way to export invoices as csv instead honestly of pdf,neutral,neutral
ROW01718,CUST0325,2026-06-11 09:59:04,call_transcript,did not expect the price i mean to jump that much on renewal uh nobody mentioned it in the email,surprise,bad
ROW01719,CUST0107,2026-05-10 15:27:30,call_transcript,i mean didnt expect the migration to go this smoothly no issues like at all,surprise,good
ROW01720,CUST0532,2026-07-14 23:51:51,call_transcript,so the free honestly trial silently converted to you know a paid plan without any reminder,disgust,bad
ROW01721,CUST0233,2026-07-28 18:47:28,call_transcript,so were just a like little honestly disappointed cause the um old template feature got taken away,sadness,bad
ROW01722,CUST0612,2026-08-19 13:30:18,survey_feedback,"I keep getting charged for seats we already removed weeks ago, figured id mention it.",anger,bad
ROW01723,CUST0420,2026-05-11 00:16:58,survey_feedback,"Ok so whats the difference between the pro and enterprise support tiers exactly, wanted to put that on record!",neutral,neutral
ROW01724,CUST0044,2026-06-26 07:09:55,survey_feedback,"Customer support read from a script the entire time and never actually listened, just flagging it.",disgust,bad
ROW01725,CUST0271,2026-05-28 10:56:07,survey_feedback,"Honestly, not sure what happens to our account if the payment fails again next month!",fear,bad
ROW01726,CUST0623,2026-08-11 05:37:47,survey_feedback,"Just wanted to say, the mobile app finally works flawlessly even with our full dataset loaded, figured id mention it.",joy,good
ROW01727,CUST0178,2026-07-22 23:46:56,survey_feedback,"Ok so im worried this outage means our customer data was exposed somehow, wanted to put that on record.",fear,bad
ROW01728,CUST0524,2026-07-03 04:53:43,call_transcript,so the you know fine print on the renewal terms feels honestly deliberately misleading,disgust,bad
ROW01729,CUST0599,2026-04-07 00:16:18,call_transcript,so havent really had i mean time to dig into the new features still just like using it for the basics uh,neutral,neutral
ROW01730,CUST0475,2026-07-08 06:17:27,call_transcript,checking whether the new update changes anything for our um current workflow,neutral,neutral
ROW01731,CUST0684,2026-04-04 09:19:16,call_transcript,so im not confident um the new permissions setup uh is actually secure,fear,bad
ROW01732,CUST0301,2026-05-22 13:01:28,call_transcript,like the fine print on the renewal terms feels i mean deliberately misleading,disgust,bad
ROW01733,CUST0714,2026-07-30 18:59:29,call_transcript,the honestly way you buried the like cancel button in three different menus feels really shady,disgust,bad
ROW01734,CUST0103,2026-07-29 11:58:54,survey_feedback,"So the account manager checked in on us again today, really appreciate how proactive support has been, figured id mention it.",joy,good
ROW01735,CUST0400,2026-07-12 11:50:15,call_transcript,we really wanted this to work out it honestly just didnt end up being the right um fit,sadness,bad
ROW01736,CUST0116,2026-06-10 23:31:32,survey_feedback,"Quick note, havent really had time to dig into the new features, still just using it for the basics, figured id mention it.",neutral,neutral
ROW01737,CUST0729,2026-07-31 21:38:36,survey_feedback,"Not gonna lie, loving how simple this is for a one person shop, does exactly what i need, figured id mention it.",joy,good
ROW01738,CUST0653,2026-08-06 10:06:54,survey_feedback,"Just wanted to say, the marketing emails dont stop no matter how many times i unsubscribe!",disgust,bad
ROW01739,CUST0397,2026-06-19 01:16:21,call_transcript,the i mean account um manager checked in on us again today really appreciate how proactive support has been,joy,good
ROW01740,CUST0262,2026-03-09 19:31:00,call_transcript,not like sure what happens to our account if the i mean payment fails again next uh month,fear,bad
ROW01741,CUST0155,2026-07-14 03:13:10,survey_feedback,"So not sure what happens to our account if the payment fails again next month, wanted to put that on record!",fear,bad
ROW01742,CUST0555,2026-07-10 21:48:44,survey_feedback,"Not sure what happens to our account if the payment fails again next month, wanted to put that on record.",fear,bad
ROW01743,CUST0244,2026-05-17 01:21:39,call_transcript,you know we really wanted this to work um out it i mean just didnt end up being the right fit,sadness,bad
ROW01744,CUST0155,2026-03-04 16:40:58,call_transcript,its fine does what you know we need i guess,neutral,neutral
ROW01745,CUST0013,2026-07-24 16:42:17,call_transcript,a like bit concerned about the response times lately our tickets have been sitting longer than usual,fear,bad
ROW01746,CUST0488,2026-06-13 14:28:27,survey_feedback,"Quick note, wasnt expecting support to respond this fast on a weekend, really impressed, figured id mention it.",surprise,good
ROW01747,CUST0634,2026-04-03 14:19:59,survey_feedback,"Not gonna lie, the new integration took five minutes to set up and just worked.",joy,good
ROW01748,CUST0534,2026-08-04 07:55:05,call_transcript,im concerned we wont be able to export everything if we ever need uh to leave,fear,bad
ROW01749,CUST0218,2026-06-12 09:47:46,call_transcript,wasnt expecting the feature we rely on to honestly just disappear without any notice,surprise,bad
ROW01750,CUST0579,2026-03-15 12:10:24,survey_feedback,"Just wanted to say, the redesigned reporting view is so much easier to read than before.",joy,good
ROW01751,CUST0310,2026-07-24 13:29:15,survey_feedback,Ok so is there a way to export invoices as csv instead of pdf.,neutral,neutral
ROW01752,CUST0158,2026-05-23 17:42:39,survey_feedback,"Switching from spreadsheets to this has saved our whole team hours every week, figured id mention it.",joy,good
ROW01753,CUST0516,2026-07-27 16:51:49,call_transcript,weve had four uh outages like this quarter and every time we call you know support its a 40 minute wait,anger,bad
ROW01754,CUST0057,2026-08-15 06:34:38,call_transcript,so finally managed to you know cancel after 20 minutes of being redirected between pages like,anger,bad
ROW01755,CUST0077,2026-04-07 18:15:54,call_transcript,weve had i mean four outages this like quarter and every time we call support its a 40 minute wait,anger,bad
ROW01756,CUST0369,2026-05-28 13:57:41,call_transcript,you know your api um rate limit i mean is blocking our entire workflow during our busiest hours,anger,bad
ROW01757,CUST0130,2026-04-29 13:45:31,survey_feedback,So its disappointing watching a tool we used to love slowly stop fitting what we need.,sadness,bad
ROW01758,CUST0274,2026-05-07 03:31:46,survey_feedback,"Honestly, im scared we're going to lose our historical reports if we switch plans.",fear,bad
ROW01759,CUST0498,2026-08-10 10:27:49,call_transcript,so still one of the best tools we use day to uh day um genuinely happy with it,joy,good
ROW01760,CUST0623,2026-06-28 13:30:54,call_transcript,were like just a little disappointed cause the i mean old template feature got uh taken away,sadness,bad
ROW01761,CUST0562,2026-04-06 08:08:50,survey_feedback,Ok so im worried that if i migrate my data over to the new plan i might lose everything.,fear,bad
ROW01762,CUST0705,2026-04-01 11:05:30,call_transcript,kind of like bummed they removed the old reporting view i really relied on that for um my weekly standups,sadness,bad
ROW01763,CUST0018,2026-05-22 12:18:06,call_transcript,just confirming our seat count you know before the next billing i mean cycle um,neutral,neutral
ROW01764,CUST0143,2026-04-09 12:14:02,call_transcript,its disappointing uh watching a tool i mean we used to love slowly stop fitting what we need,sadness,bad
ROW01765,CUST0321,2026-05-16 21:07:50,survey_feedback,"Not gonna lie, not sure what happens to our account if the payment fails again next month, just flagging it.",fear,bad
ROW01766,CUST0175,2026-07-28 07:34:14,call_transcript,whats the difference like between the pro and enterprise support i mean tiers exactly honestly,neutral,neutral
ROW01767,CUST0017,2026-08-17 19:45:23,survey_feedback,"So didnt realize the free trial would auto convert without reminding us first, figured id mention it.",surprise,bad
ROW01768,CUST0488,2026-05-18 13:46:46,call_transcript,did not uh expect the price to jump that much on renewal nobody mentioned it in the email,surprise,bad
ROW01769,CUST0595,2026-04-08 09:58:16,survey_feedback,"Just wanted to say, wanted to ask if theres a bulk import option for existing records.",neutral,neutral
ROW01770,CUST0672,2026-06-09 21:24:04,survey_feedback,"So did not expect the price to jump that much on renewal, nobody mentioned it in the email, just flagging it.",surprise,bad
ROW01771,CUST0039,2026-06-08 05:09:43,survey_feedback,"Quick note, we lost two days of data during the migration and support took way too long to respond, wanted to put that on record.",anger,bad
ROW01772,CUST0552,2026-07-31 06:57:49,call_transcript,the account manager checked in on um us again today really appreciate how honestly proactive support has uh been,joy,good
ROW01773,CUST0348,2026-05-15 20:11:27,survey_feedback,"So the free trial silently converted to a paid plan without any reminder, figured id mention it.",disgust,bad
ROW01774,CUST0041,2026-06-23 06:09:19,call_transcript,so im not like confident the new permissions you know setup is actually secure um,fear,bad
ROW01775,CUST0308,2026-05-04 03:15:00,call_transcript,did not i mean realize the new um plan tier included uh that feature for free pleasantly surprised,surprise,good
ROW01776,CUST0541,2026-06-08 11:08:25,call_transcript,im nervous the uh price is going to jump again um at you know the next renewal,fear,bad
ROW01777,CUST0745,2026-08-21 09:54:52,survey_feedback,"Quick note, didnt expect the migration to go this smoothly, no issues at all, wanted to put that on record.",surprise,good
ROW01778,CUST0219,2026-08-21 23:40:36,call_transcript,so ive called three times uh now and nobody's honestly fixed the billing thing um,anger,bad
ROW01779,CUST0526,2026-03-03 10:08:29,survey_feedback,"Ok so is my data actually backed up somewhere, im a bit nervous about losing my project files, wanted to put that on record.",fear,bad
ROW01780,CUST0537,2026-06-08 06:26:07,call_transcript,im um concerned we wont be able to export everything if we ever need to leave,fear,bad
ROW01781,CUST0083,2026-06-08 07:02:30,call_transcript,the export feature i mean has been broken for a week and support still hasnt replied,anger,bad
ROW01782,CUST0337,2026-04-15 13:08:38,survey_feedback,"So the mobile app finally works flawlessly even with our full dataset loaded, just flagging it!",joy,good
ROW01783,CUST0524,2026-08-02 07:13:20,call_transcript,finally managed to cancel after 20 minutes of um being redirected between pages,anger,bad
ROW01784,CUST0275,2026-05-05 13:35:31,survey_feedback,"Not gonna lie, did not expect the new integration to be this easy to set up, honestly impressed, figured id mention it.",surprise,good
ROW01785,CUST0451,2026-04-26 18:55:33,call_transcript,i mean the free trial silently converted to honestly a paid plan without any you know reminder,disgust,bad
ROW01786,CUST0317,2026-08-17 04:19:57,survey_feedback,"So honestly we just stopped seeing the point of it, kind of sad it didnt work out for us in the end.",sadness,bad
ROW01787,CUST0208,2026-03-09 09:15:27,call_transcript,did not expect the price to jump that much on renewal nobody mentioned it in the um email,surprise,bad
ROW01788,CUST0239,2026-03-28 14:32:23,survey_feedback,"Just wanted to say, loving how simple this is for a one person shop, does exactly what i need, figured id mention it.",joy,good
ROW01789,CUST0618,2026-07-02 18:02:44,survey_feedback,"Just wanted to say, did not expect the new integration to be this easy to set up, honestly impressed, just flagging it.",surprise,good
ROW01790,CUST0434,2026-03-23 21:07:46,survey_feedback,"We tried to make it work but it just doesnt fit our workflow anymore, sorry to go, wanted to put that on record.",sadness,bad
ROW01791,CUST0360,2026-06-26 00:46:53,call_transcript,didnt expect the uh migration to go you know this smoothly no issues um at all,surprise,good
ROW01792,CUST0305,2026-05-01 16:46:47,call_transcript,havent really had time to dig uh into the new features still like just using it for the basics,neutral,neutral
ROW01793,CUST0670,2026-06-20 12:26:35,call_transcript,so my card was declined and it locked me out of you know my own account i mean for a whole day,anger,bad
ROW01794,CUST0358,2026-03-28 09:49:29,survey_feedback,"So did not realize the new plan tier included that feature for free, pleasantly surprised, wanted to put that on record.",surprise,good
ROW01795,CUST0580,2026-04-10 15:13:04,call_transcript,the new integration took five minutes to honestly set up and i mean just worked,joy,good
ROW01796,CUST0517,2026-07-25 15:09:58,survey_feedback,"Ok so im not confident the new permissions setup is actually secure, just flagging it.",fear,bad
ROW01797,CUST0011,2026-08-11 09:17:36,survey_feedback,"Ok so your team fixed my ticket within an hour, way faster than i expected, just flagging it!",joy,good
ROW01798,CUST0238,2026-07-27 02:26:45,call_transcript,im nervous the price is going honestly to jump again at the next renewal i mean,fear,bad
ROW01799,CUST0193,2026-07-23 18:23:08,survey_feedback,"Ive called three times now and nobody's fixed the billing thing, figured id mention it.",anger,bad
ROW01800,CUST0450,2026-05-17 08:51:05,call_transcript,its disappointing i mean watching a tool like we used to love slowly honestly stop fitting what we need,sadness,bad
ROW01801,CUST0362,2026-04-05 22:02:38,call_transcript,like i keep getting charged um for seats we already removed weeks uh ago,anger,bad
ROW01802,CUST0747,2026-07-20 05:47:52,survey_feedback,"Not gonna lie, a bit concerned about the response times lately, our tickets have been sitting longer than usual.",fear,bad
ROW01803,CUST0463,2026-05-20 07:30:50,call_transcript,didnt realize the free trial would auto convert without reminding us like first,surprise,bad
ROW01804,CUST0304,2026-08-15 00:41:41,survey_feedback,"Honestly, you sell our usage data to third parties without making that clear anywhere, figured id mention it.",disgust,bad
ROW01805,CUST0194,2026-05-03 22:10:06,survey_feedback,"So five years in and still our go to platform, genuinely happy with how its evolved!",joy,good
ROW01806,CUST0218,2026-06-14 21:37:00,survey_feedback,"Quick note, still kind of missing the old templates, weve just been doing things manually since, figured id mention it.",sadness,bad
ROW01807,CUST0165,2026-04-10 22:34:12,survey_feedback,"Im worried that if i migrate my data over to the new plan i might lose everything, just flagging it!",fear,bad
ROW01808,CUST0727,2026-03-09 04:06:32,call_transcript,so the redesigned reporting view is you know so much easier to read than before,joy,good
ROW01809,CUST0689,2026-07-12 04:01:20,survey_feedback,"Honestly, we really wanted this to work out, it just didnt end up being the right fit, wanted to put that on record.",sadness,bad
ROW01810,CUST0392,2026-06-10 22:27:45,call_transcript,so we really wanted this to work out it just didnt honestly end up being the right fit,sadness,bad
ROW01811,CUST0282,2026-03-04 00:52:24,survey_feedback,Kind of sad our whole team has just quietly stopped using half the features we used to love!,sadness,bad
ROW01812,CUST0716,2026-07-11 04:58:12,survey_feedback,"Not gonna lie, honestly we just stopped seeing the point of it, kind of sad it didnt work out for us in the end, wanted to put that on record.",sadness,bad
ROW01813,CUST0682,2026-06-05 16:06:09,survey_feedback,"Not gonna lie, support walked me through the backup settings and now i feel a lot better about it, just flagging it.",joy,good
ROW01814,CUST0164,2026-06-09 14:49:17,survey_feedback,"Just wanted to say, still kind of missing the old templates, weve just been doing things manually since.",sadness,bad
ROW01815,CUST0492,2026-08-17 20:07:33,call_transcript,so not much to report this month uh usage you know has been like about the same as usual,neutral,neutral
ROW01816,CUST0152,2026-04-29 20:24:35,survey_feedback,"Honestly, you sell our usage data to third parties without making that clear anywhere, wanted to put that on record.",disgust,bad
ROW01817,CUST0212,2026-03-27 14:29:15,call_transcript,the like free trial silently converted to a paid plan without any reminder,disgust,bad
ROW01818,CUST0543,2026-05-08 23:10:46,survey_feedback,Ok so the fine print on the renewal terms feels deliberately misleading.,disgust,bad
ROW01819,CUST0233,2026-05-24 20:40:05,call_transcript,support tried to guilt uh trip me into staying instead of just helping me cancel,disgust,bad
ROW01820,CUST0143,2026-06-07 14:09:53,survey_feedback,"Honestly, ive called three times now and nobody's fixed the billing thing, figured id mention it.",anger,bad
ROW01821,CUST0118,2026-07-23 05:57:50,survey_feedback,"Not gonna lie, the whole downgrade flow is designed to be as confusing as possible, just flagging it!",disgust,bad
ROW01822,CUST0187,2026-03-23 06:42:41,survey_feedback,"Not gonna lie, the feature we asked about last year still hasnt shown up and weve kind of given up hope.",sadness,bad
ROW01823,CUST0441,2026-05-06 17:12:18,survey_feedback,"Honestly, the redesigned reporting view is so much easier to read than before.",joy,good
ROW01824,CUST0726,2026-05-04 10:52:17,survey_feedback,"Just wanted to say, were just a little disappointed cause the old template feature got taken away!",sadness,bad
ROW01825,CUST0342,2026-03-10 08:29:29,survey_feedback,"Not gonna lie, did not realize the new plan tier included that feature for free, pleasantly surprised!",surprise,good
ROW01826,CUST0288,2026-05-31 23:30:14,survey_feedback,"Quick note, the integration broke after your last update and nobody warned us it was coming, wanted to put that on record.",anger,bad
ROW01827,CUST0253,2026-05-20 07:15:37,call_transcript,did not like realize the new plan tier included that feature for you know free pleasantly surprised,surprise,good
ROW01828,CUST0548,2026-08-14 01:19:24,survey_feedback,"Not gonna lie, customer support read from a script the entire time and never actually listened, figured id mention it.",disgust,bad
ROW01829,CUST0195,2026-06-17 11:41:34,survey_feedback,"Honestly, wasnt expecting the feature we rely on to just disappear without any notice.",surprise,bad
ROW01830,CUST0682,2026-07-26 18:53:54,call_transcript,you know does the pro plan include like api access or do i need the enterprise tier for that i mean,neutral,neutral
ROW01831,CUST0061,2026-06-04 09:00:28,survey_feedback,"Honestly, did not expect the new integration to be this easy to set up, honestly impressed, just flagging it!",surprise,good
ROW01832,CUST0556,2026-04-20 15:02:27,call_transcript,i mean checking whether like the new update changes anything for our um current workflow,neutral,neutral
ROW01833,CUST0192,2026-07-22 05:09:18,call_transcript,honestly the mobile app finally works flawlessly even with our full like dataset loaded uh,joy,good
ROW01834,CUST0590,2026-03-05 05:02:09,survey_feedback,"So its disappointing watching a tool we used to love slowly stop fitting what we need, wanted to put that on record!",sadness,bad
ROW01835,CUST0558,2026-07-29 03:25:00,call_transcript,honestly honestly we uh just stopped seeing the point of it kind of sad it didnt work out for us in the end,sadness,bad
ROW01836,CUST0308,2026-02-23 18:29:12,call_transcript,checking you know whether the new update changes anything for our current workflow,neutral,neutral
ROW01837,CUST0315,2026-04-18 08:07:45,survey_feedback,"Honestly, we tried to make it work but it just doesnt fit our workflow anymore, sorry to go, just flagging it.",sadness,bad
ROW01838,CUST0130,2026-03-02 04:12:50,call_transcript,so wasnt um expecting our whole team to get logged out uh with zero warning during you know the outage,surprise,bad
ROW01839,CUST0723,2026-04-26 21:11:24,call_transcript,wanted to ask if theres a bulk import like option for existing records,neutral,neutral
ROW01840,CUST0310,2026-06-29 15:41:02,survey_feedback,"Not gonna lie, im concerned we wont be able to export everything if we ever need to leave.",fear,bad
ROW01841,CUST0307,2026-05-18 00:20:31,call_transcript,not sure what happens to our um account if the payment fails again next month honestly,fear,bad
ROW01842,CUST0363,2026-08-05 23:17:36,call_transcript,so customer support i mean read from a script the um entire time and never like actually listened,disgust,bad
ROW01843,CUST0383,2026-04-03 12:33:42,call_transcript,im worried this outage means our customer data was exposed somehow like,fear,bad
ROW01844,CUST0045,2026-07-28 13:17:18,survey_feedback,"So im worried this outage means our customer data was exposed somehow, wanted to put that on record.",fear,bad
ROW01845,CUST0166,2026-07-30 17:16:54,survey_feedback,So ive called three times now and nobody's fixed the billing thing.,anger,bad
ROW01846,CUST0655,2026-03-26 03:02:13,call_transcript,ive called honestly three times now and nobody's um fixed the billing thing,anger,bad
ROW01847,CUST0269,2026-02-22 07:40:28,survey_feedback,"Quick note, wasnt expecting support to respond this fast on a weekend, really impressed, just flagging it!",surprise,good
ROW01848,CUST0271,2026-07-10 13:54:42,call_transcript,honestly the um redesigned reporting view is so much easier to read than before you know,joy,good
ROW01849,CUST0567,2026-03-10 09:22:13,call_transcript,whats the you know difference between the pro and like enterprise support tiers exactly,neutral,neutral
ROW01850,CUST0277,2026-03-22 22:40:11,survey_feedback,Wasnt expecting the feature we rely on to just disappear without any notice.,surprise,bad
ROW01851,CUST0063,2026-06-04 10:30:37,call_transcript,still one of the honestly best tools we use day to day genuinely i mean happy with you know it,joy,good
ROW01852,CUST0654,2026-05-05 02:09:46,call_transcript,the new dashboard update uh is amazing it saved me so much time you know this week,joy,good
ROW01853,CUST0393,2026-03-17 16:07:44,survey_feedback,"Ok so is my data actually backed up somewhere, im a bit nervous about losing my project files, figured id mention it.",fear,bad
ROW01854,CUST0309,2026-05-02 21:23:57,call_transcript,we tried to make um it work but it just doesnt fit our workflow anymore sorry to go,sadness,bad
ROW01855,CUST0474,2026-04-12 02:22:37,survey_feedback,"Ok so honestly we just stopped seeing the point of it, kind of sad it didnt work out for us in the end, wanted to put that on record.",sadness,bad
ROW01856,CUST0030,2026-03-28 14:50:19,call_transcript,still one of the best like tools we use day to day genuinely happy with you know it,joy,good
ROW01857,CUST0195,2026-02-28 14:31:16,call_transcript,the new integration took five minutes to set up and just worked honestly,joy,good
ROW01858,CUST0631,2026-03-01 00:42:54,call_transcript,didnt um expect the migration to go this smoothly no issues at all,surprise,good
ROW01859,CUST0283,2026-06-16 15:08:14,call_transcript,ive called honestly three times like now and nobody's um fixed the billing thing,anger,bad
ROW01860,CUST0427,2026-04-18 00:19:40,survey_feedback,"Quick note, the marketing emails dont stop no matter how many times i unsubscribe, wanted to put that on record.",disgust,bad
ROW01861,CUST0146,2026-03-20 04:01:41,call_transcript,can uh someone confirm if our um renewal you know date changed before next quarter,neutral,neutral
ROW01862,CUST0617,2026-08-04 08:01:25,call_transcript,im not confident the new permissions setup is actually uh secure,fear,bad
ROW01863,CUST0587,2026-04-04 20:02:34,survey_feedback,"Not gonna lie, the redesigned reporting view is so much easier to read than before, figured id mention it.",joy,good
ROW01864,CUST0344,2026-03-06 23:28:01,survey_feedback,"So customer support read from a script the entire time and never actually listened, just flagging it.",disgust,bad
ROW01865,CUST0465,2026-03-15 08:34:28,call_transcript,the whole downgrade flow is designed uh to honestly be as confusing as possible,disgust,bad
ROW01866,CUST0376,2026-03-01 21:58:52,call_transcript,so im worried that if um i migrate my data over to the new plan i might lose everything,fear,bad
ROW01867,CUST0067,2026-06-03 07:13:52,call_transcript,wanted to ask if theres a bulk import option for existing records honestly,neutral,neutral
ROW01868,CUST0187,2026-07-11 00:23:54,call_transcript,loving how simple i mean this is for a like one person shop does exactly what i need,joy,good
ROW01869,CUST0178,2026-06-26 01:16:27,call_transcript,um teams like still using it but adoption across departments has been slower than we you know hoped,neutral,neutral
ROW01870,CUST0168,2026-06-01 03:47:43,survey_feedback,"Just wanted to say, whats the difference between the pro and enterprise support tiers exactly, wanted to put that on record.",neutral,neutral
ROW01871,CUST0513,2026-07-14 09:49:09,call_transcript,honestly we honestly just stopped seeing the point of it kind of sad it didnt work out for us in the end,sadness,bad
ROW01872,CUST0065,2026-02-25 08:33:01,call_transcript,didnt expect the migration to go i mean this honestly smoothly no issues at all,surprise,good
ROW01873,CUST0160,2026-04-09 06:22:38,survey_feedback,"Quick note, we tried to make it work but it just doesnt fit our workflow anymore, sorry to go, figured id mention it.",sadness,bad
ROW01874,CUST0277,2026-05-09 08:01:33,call_transcript,support walked me through the backup settings honestly and now you know i feel a lot better about it,joy,good
ROW01875,CUST0607,2026-08-06 14:11:32,survey_feedback,"Just wanted to say, the whole downgrade flow is designed to be as confusing as possible, figured id mention it.",disgust,bad
ROW01876,CUST0459,2026-07-26 21:16:25,survey_feedback,"Ok so im worried this outage means our customer data was exposed somehow, figured id mention it.",fear,bad
ROW01877,CUST0101,2026-06-16 09:38:19,survey_feedback,"Ok so my card was declined and it locked me out of my own account for a whole day, wanted to put that on record.",anger,bad
ROW01878,CUST0678,2026-04-02 09:49:07,survey_feedback,"Just wanted to say, our compliance team is asking about your data retention policy and i dont have answers.",fear,bad
ROW01879,CUST0201,2026-03-08 00:23:46,call_transcript,i had to uh explain the same issue to three different agents and got nowhere,anger,bad
ROW01880,CUST0397,2026-04-15 06:04:05,survey_feedback,Im concerned we wont be able to export everything if we ever need to leave.,fear,bad
ROW01881,CUST0595,2026-03-06 04:57:54,survey_feedback,"Just wanted to say, kind of bummed they removed the old reporting view, i really relied on that for my weekly standups, figured id mention it.",sadness,bad
ROW01882,CUST0067,2026-05-27 13:17:00,call_transcript,did not expect like the price to jump that much on renewal nobody mentioned it in the um email,surprise,bad
ROW01883,CUST0197,2026-08-12 02:48:47,survey_feedback,"Ok so wasnt expecting support to respond this fast on a weekend, really impressed.",surprise,good
ROW01884,CUST0646,2026-05-13 19:22:34,survey_feedback,"Honestly, weve had four outages this quarter and every time we call support its a 40 minute wait, wanted to put that on record.",anger,bad
ROW01885,CUST0420,2026-06-07 19:52:56,call_transcript,so ive called three times now and nobody's fixed um the billing thing,anger,bad
ROW01886,CUST0716,2026-02-28 12:10:50,survey_feedback,"Not gonna lie, im worried this outage means our customer data was exposed somehow.",fear,bad
ROW01887,CUST0510,2026-07-07 23:43:01,survey_feedback,"Quick note, not much to report this month, usage has been about the same as usual, figured id mention it.",neutral,neutral
ROW01888,CUST0511,2026-08-01 07:28:28,survey_feedback,"Quick note, didnt realize the free trial would auto convert without reminding us first, just flagging it.",surprise,bad
ROW01889,CUST0407,2026-05-03 06:25:21,call_transcript,i had um to explain the same issue to three different agents and got nowhere,anger,bad
ROW01890,CUST0544,2026-04-13 16:28:46,survey_feedback,So didnt realize the free trial would auto convert without reminding us first.,surprise,bad
ROW01891,CUST0051,2026-08-15 19:41:41,call_transcript,like your team fixed my ticket within honestly an hour way faster than i expected,joy,good
ROW01892,CUST0538,2026-07-21 16:36:58,survey_feedback,"The mobile app finally works flawlessly even with our full dataset loaded, figured id mention it.",joy,good
ROW01893,CUST0124,2026-03-09 15:11:04,survey_feedback,"Quick note, im concerned we wont be able to export everything if we ever need to leave, just flagging it.",fear,bad
ROW01894,CUST0283,2026-04-21 12:17:10,call_transcript,im not confident i mean the new permissions setup uh is actually secure,fear,bad
ROW01895,CUST0275,2026-04-02 03:10:14,call_transcript,so the integration broke i mean after honestly your last update and nobody warned us it was like coming,anger,bad
ROW01896,CUST0514,2026-07-27 20:26:25,call_transcript,did not expect the new integration to be this i mean easy to set up honestly honestly impressed,surprise,good
ROW01897,CUST0538,2026-06-04 22:40:14,survey_feedback,Ok so finally managed to cancel after 20 minutes of being redirected between pages.,anger,bad
ROW01898,CUST0553,2026-08-13 16:40:57,call_transcript,like were just a um little disappointed cause the old template feature got taken away you know,sadness,bad
ROW01899,CUST0455,2026-06-12 22:03:25,survey_feedback,"Honestly, the redesigned reporting view is so much easier to read than before, figured id mention it!",joy,good
ROW01900,CUST0286,2026-08-05 10:34:56,survey_feedback,"Quick note, did not expect the new integration to be this easy to set up, honestly impressed, just flagging it.",surprise,good
ROW01901,CUST0018,2026-06-29 10:07:48,call_transcript,honestly did not expect the price to jump that much on renewal nobody mentioned it in the email,surprise,bad
ROW01902,CUST0237,2026-03-19 21:01:24,call_transcript,did not realize the new plan tier included that feature for like free pleasantly surprised,surprise,good
ROW01903,CUST0096,2026-04-13 20:48:41,call_transcript,did not expect the price to jump that much um on renewal nobody mentioned it in like the email,surprise,bad
ROW01904,CUST0061,2026-05-09 15:36:36,survey_feedback,"Honestly, loving how simple this is for a one person shop, does exactly what i need, wanted to put that on record!",joy,good
ROW01905,CUST0065,2026-07-08 20:09:22,survey_feedback,"Honestly, my card was declined and it locked me out of my own account for a whole day.",anger,bad
ROW01906,CUST0030,2026-05-05 04:15:54,survey_feedback,"So five years in and still our go to platform, genuinely happy with how its evolved.",joy,good
ROW01907,CUST0262,2026-06-17 02:52:45,call_transcript,its honestly fine does what we need i guess,neutral,neutral
ROW01908,CUST0657,2026-03-20 21:57:45,call_transcript,didnt expect you know the migration to um go this smoothly no issues at i mean all,surprise,good
ROW01909,CUST0117,2026-03-06 09:04:32,call_transcript,the feature we asked about last year still hasnt shown up honestly and weve kind you know of given up hope,sadness,bad
ROW01910,CUST0399,2026-05-29 20:53:22,call_transcript,i mean wasnt expecting the like feature we rely on to just disappear without any notice,surprise,bad
ROW01911,CUST0603,2026-08-20 03:57:30,survey_feedback,Im worried that if i migrate my data over to the new plan i might lose everything.,fear,bad
ROW01912,CUST0407,2026-07-18 12:06:54,survey_feedback,"Not gonna lie, support tried to guilt trip me into staying instead of just helping me cancel, figured id mention it.",disgust,bad
ROW01913,CUST0250,2026-06-28 17:37:53,survey_feedback,"Honestly, didnt realize the free trial would auto convert without reminding us first, wanted to put that on record.",surprise,bad
ROW01914,CUST0666,2026-07-11 12:29:05,survey_feedback,"Quick note, support keeps closing my ticket without actually fixing anything, figured id mention it.",anger,bad
ROW01915,CUST0195,2026-03-04 01:21:30,survey_feedback,"Quick note, its fine, does what we need i guess.",neutral,neutral
ROW01916,CUST0114,2026-04-03 00:03:14,call_transcript,wondering if i mean the api has a sandbox environment honestly for testing um,neutral,neutral
ROW01917,CUST0517,2026-03-28 09:35:45,call_transcript,so the new integration took um five minutes to set up and i mean just you know worked,joy,good
ROW01918,CUST0391,2026-05-10 14:38:49,survey_feedback,"So were just a little disappointed cause the old template feature got taken away, just flagging it.",sadness,bad
ROW01919,CUST0186,2026-07-21 19:00:21,call_transcript,so wondering if uh the api has a like sandbox environment for testing,neutral,neutral
ROW01920,CUST0721,2026-05-14 11:59:44,call_transcript,uh can someone confirm if our renewal you know date changed honestly before next quarter,neutral,neutral
ROW01921,CUST0375,2026-03-03 16:31:25,survey_feedback,Switching from spreadsheets to this has saved our whole team hours every week.,joy,good
ROW01922,CUST0138,2026-04-24 19:53:44,survey_feedback,"Ok so im scared we're going to lose our historical reports if we switch plans, figured id mention it.",fear,bad
ROW01923,CUST0440,2026-08-01 10:41:15,call_transcript,so im nervous the i mean price is going to jump like again at uh the next renewal,fear,bad
ROW01924,CUST0103,2026-07-04 12:34:09,call_transcript,did not realize the new um plan tier included that feature for i mean free pleasantly honestly surprised,surprise,good
ROW01925,CUST0467,2026-07-16 00:42:30,survey_feedback,"So i keep getting charged for seats we already removed weeks ago, just flagging it.",anger,bad
ROW01926,CUST0704,2026-04-06 05:12:49,survey_feedback,"Ok so support tried to guilt trip me into staying instead of just helping me cancel, wanted to put that on record.",disgust,bad
ROW01927,CUST0134,2026-04-19 10:39:59,call_transcript,the marketing emails uh dont stop i mean no matter you know how many times i unsubscribe,disgust,bad
ROW01928,CUST0056,2026-08-14 04:57:47,call_transcript,so the new integration took five minutes to set up um and just uh worked,joy,good
ROW01929,CUST0138,2026-06-06 10:05:43,call_transcript,didnt expect the migration like to go this smoothly no issues at all,surprise,good
ROW01930,CUST0514,2026-07-15 23:17:05,call_transcript,um the marketing emails dont stop no matter how many times you know i unsubscribe honestly,disgust,bad
ROW01931,CUST0421,2026-06-26 21:09:22,call_transcript,like my card was honestly declined and it locked me you know out of my own account for a whole day,anger,bad
ROW01932,CUST0698,2026-07-25 05:07:59,call_transcript,the feature we asked about last year uh still hasnt shown up and weve kind of given up hope,sadness,bad
ROW01933,CUST0525,2026-04-30 03:56:00,survey_feedback,"Honestly, we really wanted this to work out, it just didnt end up being the right fit.",sadness,bad
ROW01934,CUST0637,2026-04-23 06:59:27,call_transcript,so did honestly not realize um the new plan tier included that feature for free pleasantly surprised,surprise,good
ROW01935,CUST0658,2026-08-13 19:48:11,call_transcript,so support i mean keeps closing my um ticket without actually fixing anything,anger,bad
ROW01936,CUST0023,2026-05-14 18:22:23,call_transcript,im you know nervous the price is going to jump again at um the uh next renewal,fear,bad
ROW01937,CUST0605,2026-04-08 16:54:20,survey_feedback,"Just wanted to say, support keeps closing my ticket without actually fixing anything.",anger,bad
ROW01938,CUST0434,2026-04-16 03:20:27,call_transcript,honestly we just stopped seeing the point of it kind of sad it didnt work out for us in the i mean end,sadness,bad
ROW01939,CUST0432,2026-07-07 05:25:43,call_transcript,you know the marketing emails dont i mean stop no matter how many times i unsubscribe,disgust,bad
ROW01940,CUST0445,2026-03-02 12:57:11,call_transcript,so didnt realize the free you know trial would auto convert without reminding us first,surprise,bad
ROW01941,CUST0197,2026-07-15 13:01:39,survey_feedback,"So finally managed to cancel after 20 minutes of being redirected between pages, wanted to put that on record!",anger,bad
ROW01942,CUST0345,2026-03-23 19:39:06,survey_feedback,"Not gonna lie, support keeps closing my ticket without actually fixing anything, figured id mention it!",anger,bad
ROW01943,CUST0015,2026-04-22 16:04:37,survey_feedback,"Honestly, our compliance team is asking about your data retention policy and i dont have answers, figured id mention it.",fear,bad
ROW01944,CUST0379,2026-06-12 22:25:26,call_transcript,so we really wanted this to work out honestly it just didnt end uh up being the um right fit,sadness,bad
ROW01945,CUST0414,2026-04-02 02:23:42,survey_feedback,"Not gonna lie, wanted to ask if theres a bulk import option for existing records, wanted to put that on record.",neutral,neutral
ROW01946,CUST0238,2026-05-05 23:54:27,call_transcript,you know we tried to make it work but it just honestly doesnt fit our workflow anymore sorry to go,sadness,bad
ROW01947,CUST0337,2026-07-27 09:58:26,call_transcript,so the way i mean you you know buried the cancel button in three um different menus feels really shady,disgust,bad
ROW01948,CUST0608,2026-03-30 05:21:20,call_transcript,can someone confirm um if uh our renewal date like changed before next quarter,neutral,neutral
ROW01949,CUST0615,2026-03-01 21:48:54,call_transcript,not sure what happens to our account if honestly the payment you know fails again next like month,fear,bad
ROW01950,CUST0556,2026-03-27 06:44:07,survey_feedback,"So the way you buried the cancel button in three different menus feels really shady, just flagging it.",disgust,bad
ROW01951,CUST0700,2026-07-06 06:18:44,call_transcript,did not realize the i mean new plan tier included that like feature for free pleasantly surprised,surprise,good
ROW01952,CUST0284,2026-06-03 17:48:34,survey_feedback,"Quick note, a bit concerned about the response times lately, our tickets have been sitting longer than usual.",fear,bad
ROW01953,CUST0259,2026-04-19 12:29:45,call_transcript,uh a bit concerned about the response times i mean lately our tickets have been sitting longer than usual,fear,bad
ROW01954,CUST0360,2026-03-31 20:44:48,survey_feedback,"Just wanted to say, five years in and still our go to platform, genuinely happy with how its evolved!",joy,good
ROW01955,CUST0609,2026-06-12 16:38:31,survey_feedback,"Honestly, support keeps closing my ticket without actually fixing anything, just flagging it.",anger,bad
ROW01956,CUST0735,2026-06-29 21:16:54,survey_feedback,"Just wanted to say, did not expect the new integration to be this easy to set up, honestly impressed, figured id mention it.",surprise,good
ROW01957,CUST0010,2026-03-13 11:45:21,survey_feedback,"Not gonna lie, our compliance team is asking about your data retention policy and i dont have answers, just flagging it.",fear,bad
ROW01958,CUST0245,2026-04-02 02:02:58,call_transcript,kind of sad our whole team you know has just quietly stopped using half the like features we used to love,sadness,bad
ROW01959,CUST0407,2026-03-29 02:50:20,survey_feedback,"Wasnt expecting support to respond this fast on a weekend, really impressed.",surprise,good
ROW01960,CUST0548,2026-08-17 19:46:10,survey_feedback,"Not gonna lie, the way you buried the cancel button in three different menus feels really shady.",disgust,bad
ROW01961,CUST0565,2026-07-15 03:17:05,survey_feedback,"Ok so the redesigned reporting view is so much easier to read than before, wanted to put that on record.",joy,good
ROW01962,CUST0154,2026-05-10 12:36:07,survey_feedback,"Honestly, im worried this outage means our customer data was exposed somehow.",fear,bad
ROW01963,CUST0065,2026-07-20 06:38:09,survey_feedback,"Not gonna lie, a bit concerned about the response times lately, our tickets have been sitting longer than usual, just flagging it.",fear,bad
ROW01964,CUST0168,2026-03-27 04:28:44,survey_feedback,"Ok so your api rate limit is blocking our entire workflow during our busiest hours, figured id mention it.",anger,bad
ROW01965,CUST0472,2026-07-05 08:01:30,call_transcript,so we lost two i mean days of data during the migration and support took way too long to respond,anger,bad
ROW01966,CUST0284,2026-03-24 13:34:01,survey_feedback,"Not gonna lie, not much to report this month, usage has been about the same as usual.",neutral,neutral
ROW01967,CUST0052,2026-05-10 18:47:46,survey_feedback,"Havent really had time to dig into the new features, still just using it for the basics, wanted to put that on record.",neutral,neutral
ROW01968,CUST0339,2026-07-04 16:40:41,call_transcript,did you know not realize the new honestly plan tier included that feature for free pleasantly surprised,surprise,good
ROW01969,CUST0329,2026-05-11 08:25:07,survey_feedback,"Just wanted to say, not much to report this month, usage has been about the same as usual, wanted to put that on record.",neutral,neutral
ROW01970,CUST0572,2026-03-31 23:12:51,call_transcript,support tried to guilt trip me um into staying instead of just helping like me cancel,disgust,bad
ROW01971,CUST0204,2026-06-14 01:27:40,call_transcript,our compliance team is asking about your data honestly retention policy and i dont have answers i mean,fear,bad
ROW01972,CUST0266,2026-05-02 11:38:42,survey_feedback,"Not gonna lie, were just a little disappointed cause the old template feature got taken away.",sadness,bad
ROW01973,CUST0091,2026-06-11 08:31:17,survey_feedback,"Not gonna lie, support walked me through the backup settings and now i feel a lot better about it, just flagging it!",joy,good
ROW01974,CUST0372,2026-05-14 19:17:33,call_transcript,so we tried to make it work but it honestly just doesnt fit our workflow anymore sorry to go,sadness,bad
ROW01975,CUST0685,2026-04-02 02:21:15,call_transcript,the marketing emails dont stop no i mean matter honestly how many times i unsubscribe,disgust,bad
ROW01976,CUST0196,2026-05-09 05:59:42,call_transcript,the redesigned reporting view uh is so much easier to read than before,joy,good
ROW01977,CUST0299,2026-06-21 06:58:13,call_transcript,im like worried that if i migrate my data over to the new plan i might lose everything,fear,bad
ROW01978,CUST0240,2026-07-26 16:25:35,survey_feedback,"Quick note, the feature we asked about last year still hasnt shown up and weve kind of given up hope, just flagging it.",sadness,bad
ROW01979,CUST0071,2026-05-30 10:59:14,survey_feedback,"Ok so customer support read from a script the entire time and never actually listened, just flagging it.",disgust,bad
ROW01980,CUST0300,2026-03-14 13:25:27,call_transcript,customer support i mean read from a uh script the like entire time and never actually listened,disgust,bad
ROW01981,CUST0714,2026-04-25 10:40:57,call_transcript,just um confirming our seat count before the next billing cycle,neutral,neutral
ROW01982,CUST0613,2026-04-15 18:37:47,call_transcript,didnt i mean expect the migration to go this smoothly no like issues at all you know,surprise,good
ROW01983,CUST0097,2026-04-24 22:30:21,call_transcript,wasnt expecting support to respond this you know fast on a weekend really impressed,surprise,good
ROW01984,CUST0316,2026-04-09 13:02:03,survey_feedback,"Not gonna lie, wasnt expecting our whole team to get logged out with zero warning during the outage.",surprise,bad
ROW01985,CUST0139,2026-07-10 16:45:53,call_transcript,support tried to guilt trip me into staying instead of just uh helping me cancel like,disgust,bad
ROW01986,CUST0547,2026-04-30 04:36:31,call_transcript,so finally managed to cancel after 20 minutes of being redirected between pages honestly,anger,bad
ROW01987,CUST0578,2026-04-23 08:25:24,call_transcript,the i mean onboarding checklist like made getting honestly started genuinely painless,joy,good
ROW01988,CUST0737,2026-04-21 06:51:17,survey_feedback,"Ok so the way you buried the cancel button in three different menus feels really shady, figured id mention it.",disgust,bad
ROW01989,CUST0715,2026-05-06 06:47:40,call_transcript,its disappointing watching a tool we used to love slowly stop fitting what we uh need,sadness,bad
ROW01990,CUST0378,2026-06-21 17:44:32,survey_feedback,"Ok so im scared we're going to lose our historical reports if we switch plans, just flagging it.",fear,bad
ROW01991,CUST0324,2026-03-18 02:24:01,call_transcript,so loving how simple this is for you know a one person i mean shop does exactly what i need,joy,good
ROW01992,CUST0194,2026-06-25 18:26:22,call_transcript,the new integration took i mean five minutes to set up and just worked,joy,good
ROW01993,CUST0465,2026-03-29 18:26:11,survey_feedback,"Just wanted to say, were just a little disappointed cause the old template feature got taken away, wanted to put that on record.",sadness,bad
ROW01994,CUST0178,2026-06-23 23:37:35,call_transcript,still one um of the best tools we use day to day genuinely happy with it,joy,good
ROW01995,CUST0747,2026-04-13 05:15:17,call_transcript,weve had four outages this quarter and you know every time we call support its a 40 minute wait,anger,bad
ROW01996,CUST0387,2026-02-26 15:19:32,call_transcript,kind of bummed they removed the um old reporting view i really you know relied on that for my weekly standups,sadness,bad
ROW01997,CUST0667,2026-05-15 17:56:09,call_transcript,didnt realize the free trial would um auto convert without like reminding us you know first,surprise,bad
ROW01998,CUST0077,2026-06-29 07:37:20,call_transcript,so kind of bummed they you know removed honestly the old reporting view i really um relied on that for my weekly standups,sadness,bad
ROW01999,CUST0645,2026-05-19 18:10:00,call_transcript,i mean wanted to ask if theres a bulk import option for existing records,neutral,neutral
ROW02000,CUST0237,2026-04-01 15:17:03,call_transcript,so the new dashboard update is amazing it saved me like so much time this week,joy,good
